ratio,lambda1,lambda2,lambda3,lambda4,svm_acc_te,acc_tr,acc_te,
0.8,1,1,1,1,96.765,1,0.91603
0.8,1,1,1,10,96.765,1,0.92665
0.8,1,1,1,100,96.765,1,0.91998
0.8,1,1,1,1000,96.765,1,0.9227
0.8,1,1,1,10000,96.765,1,0.91924
0.8,1,1,10,1,96.765,1,0.9185
0.8,1,1,10,10,96.765,1,0.92245
0.8,1,1,10,100,96.765,1,0.92418
0.8,1,1,10,1000,96.765,1,0.92443
0.8,1,1,10,10000,96.765,1,0.92368
0.8,1,1,100,1,96.765,1,0.91899
0.8,1,1,100,10,96.765,1,0.9222
0.8,1,1,100,100,96.765,1,0.92368
0.8,1,1,100,1000,96.765,1,0.91899
0.8,1,1,100,10000,96.765,1,0.92294
0.8,1,1,1000,1,96.765,1,0.92023
0.8,1,1,1000,10,96.765,1,0.9222
0.8,1,1,1000,100,96.765,1,0.92418
0.8,1,1,1000,1000,96.765,1,0.92097
0.8,1,1,1000,10000,96.765,1,0.92319
0.8,1,1,10000,1,96.765,1,0.92171
0.8,1,1,10000,10,96.765,1,0.92591
0.8,1,1,10000,100,96.765,1,0.9185
0.8,1,1,10000,1000,96.765,1,0.92319
0.8,1,1,10000,10000,96.765,1,0.92245
0.8,1,10,1,1,96.765,1,0.93702
0.8,1,10,1,10,96.765,1,0.90862
0.8,1,10,1,100,96.765,1,0.92196
0.8,1,10,1,1000,96.765,1,0.91875
0.8,1,10,1,10000,96.765,1,0.92245
0.8,1,10,10,1,96.765,1,0.93381
0.8,1,10,10,10,96.765,1,0.89899
0.8,1,10,10,100,96.765,1,0.91702
0.8,1,10,10,1000,96.765,1,0.92319
0.8,1,10,10,10000,96.765,1,0.91949
0.8,1,10,100,1,96.765,1,0.93702
0.8,1,10,100,10,96.765,1,0.92171
0.8,1,10,100,100,96.765,1,0.92122
0.8,1,10,100,1000,96.765,1,0.91603
0.8,1,10,100,10000,96.765,1,0.9222
0.8,1,10,1000,1,96.765,1,0.92418
0.8,1,10,1000,10,96.765,1,0.70659
0.8,1,10,1000,100,96.765,1,0.92294
0.8,1,10,1000,1000,96.765,1,0.9222
0.8,1,10,1000,10000,96.765,1,0.92047
0.8,1,10,10000,1,96.765,1,0.89454
0.8,1,10,10000,10,96.765,1,0.92171
0.8,1,10,10000,100,96.765,1,0.92097
0.8,1,10,10000,1000,96.765,1,0.92072
0.8,1,10,10000,10000,96.765,1,0.9222
0.8,1,100,1,1,96.765,1,0.918
0.8,1,100,1,10,96.765,1,0.93159
0.8,1,100,1,100,96.765,1,0.92368
0.8,1,100,1,1000,96.765,1,0.91331
0.8,1,100,1,10000,96.765,1,0.93109
0.8,1,100,10,1,96.765,1,0.91973
0.8,1,100,10,10,96.765,1,0.93505
0.8,1,100,10,100,96.765,1,0.92739
0.8,1,100,10,1000,96.765,1,0.91504
0.8,1,100,10,10000,96.765,1,0.9106
0.8,1,100,100,1,96.765,1,0.91973
0.8,1,100,100,10,96.765,1,0.93628
0.8,1,100,100,100,96.765,1,0.92047
0.8,1,100,100,1000,96.765,1,0.91628
0.8,1,100,100,10000,96.765,1,0.9064
0.8,1,100,1000,1,96.765,1,0.91825
0.8,1,100,1000,10,96.765,1,0.9385
0.8,1,100,1000,100,96.765,1,0.91405
0.8,1,100,1000,1000,96.765,1,0.91998
0.8,1,100,1000,10000,96.765,1,0.92368
0.8,1,100,10000,1,96.765,1,0.918
0.8,1,100,10000,10,96.765,1,0.90689
0.8,1,100,10000,100,96.765,1,0.92492
0.8,1,100,10000,1000,96.765,1,0.91973
0.8,1,100,10000,10000,96.765,1,0.92319
0.8,1,1000,1,1,96.765,0.99833,0.88837
0.8,1,1000,1,10,96.765,0.99457,0.89899
0.8,1,1000,1,100,96.765,0.98438,0.91899
0.8,1,1000,1,1000,96.765,0.96671,0.9106
0.8,1,1000,1,10000,96.765,0.94559,0.90887
0.8,1,1000,10,1,96.765,0.99747,0.89108
0.8,1,1000,10,10,96.765,0.99506,0.90269
0.8,1,1000,10,100,96.765,0.98042,0.91306
0.8,1,1000,10,1000,96.765,0.9661,0.9106
0.8,1,1000,10,10000,96.765,0.92534,0.89874
0.8,1,1000,100,1,96.765,0.99839,0.89158
0.8,1,1000,100,10,96.765,0.99481,0.89899
0.8,1,1000,100,100,96.765,0.98407,0.91158
0.8,1,1000,100,1000,96.765,0.96702,0.91084
0.8,1,1000,100,10000,96.765,0.94732,0.90368
0.8,1,1000,1000,1,96.765,0.99858,0.89479
0.8,1,1000,1000,10,96.765,0.99568,0.89207
0.8,1,1000,1000,100,96.765,0.9866,0.90887
0.8,1,1000,1000,1000,96.765,0.97752,0.9143
0.8,1,1000,1000,10000,96.765,0.98259,0.9222
0.8,1,1000,10000,1,96.765,0.99772,0.88664
0.8,1,1000,10000,10,96.765,0.99562,0.88837
0.8,1,1000,10000,100,96.765,0.99339,0.90813
0.8,1,1000,10000,1000,96.765,0.99531,0.92047
0.8,1,1000,10000,10000,96.765,1,0.92764
0.8,1,10000,1,1,96.765,0.92583,0.8901
0.8,1,10000,1,10,96.765,0.92435,0.8901
0.8,1,10000,1,100,96.765,0.91533,0.89034
0.8,1,10000,1,1000,96.765,0.912,0.89553
0.8,1,10000,1,10000,96.765,0.89563,0.88417
0.8,1,10000,10,1,96.765,0.92873,0.8859
0.8,1,10000,10,10,96.765,0.9233,0.88837
0.8,1,10000,10,100,96.765,0.92163,0.89775
0.8,1,10000,10,1000,96.765,0.90564,0.89183
0.8,1,10000,10,10000,96.765,0.88699,0.88121
0.8,1,10000,100,1,96.765,0.92707,0.88911
0.8,1,10000,100,10,96.765,0.9246,0.89084
0.8,1,10000,100,100,96.765,0.91657,0.89059
0.8,1,10000,100,1000,96.765,0.90249,0.89108
0.8,1,10000,100,10000,96.765,0.87933,0.86787
0.8,1,10000,1000,1,96.765,0.9254,0.88219
0.8,1,10000,1000,10,96.765,0.92423,0.88639
0.8,1,10000,1000,100,96.765,0.91607,0.8901
0.8,1,10000,1000,1000,96.765,0.9028,0.88861
0.8,1,10000,1000,10000,96.765,0.89347,0.88713
0.8,1,10000,10000,1,96.765,0.92768,0.88614
0.8,1,10000,10000,10,96.765,0.92386,0.88738
0.8,1,10000,10000,100,96.765,0.91712,0.88911
0.8,1,10000,10000,1000,96.765,0.90731,0.89034
0.8,1,10000,10000,10000,96.765,0.90521,0.88985
0.8,10,1,1,1,96.765,1,0.9227
0.8,10,1,1,10,96.765,1,0.92418
0.8,10,1,1,100,96.765,1,0.92171
0.8,10,1,1,1000,96.765,1,0.92146
0.8,10,1,1,10000,96.765,1,0.92368
0.8,10,1,10,1,96.765,1,0.92122
0.8,10,1,10,10,96.765,1,0.89825
0.8,10,1,10,100,96.765,1,0.92146
0.8,10,1,10,1000,96.765,1,0.92344
0.8,10,1,10,10000,96.765,1,0.918
0.8,10,1,100,1,96.765,1,0.92122
0.8,10,1,100,10,96.765,1,0.92072
0.8,10,1,100,100,96.765,1,0.92344
0.8,10,1,100,1000,96.765,1,0.91825
0.8,10,1,100,10000,96.765,1,0.92072
0.8,10,1,1000,1,96.765,1,0.92196
0.8,10,1,1000,10,96.765,1,0.92023
0.8,10,1,1000,100,96.765,1,0.92541
0.8,10,1,1000,1000,96.765,1,0.92245
0.8,10,1,1000,10000,96.765,1,0.92344
0.8,10,1,10000,1,96.765,1,0.92418
0.8,10,1,10000,10,96.765,1,0.9227
0.8,10,1,10000,100,96.765,1,0.9227
0.8,10,1,10000,1000,96.765,1,0.9227
0.8,10,1,10000,10000,96.765,1,0.92319
0.8,10,10,1,1,96.765,1,0.92443
0.8,10,10,1,10,96.765,1,0.91875
0.8,10,10,1,100,96.765,1,0.92023
0.8,10,10,1,1000,96.765,1,0.9222
0.8,10,10,1,10000,96.765,1,0.9185
0.8,10,10,10,1,96.765,1,0.93406
0.8,10,10,10,10,96.765,1,0.9222
0.8,10,10,10,100,96.765,1,0.92368
0.8,10,10,10,1000,96.765,1,0.92171
0.8,10,10,10,10000,96.765,1,0.92344
0.8,10,10,100,1,96.765,1,0.92986
0.8,10,10,100,10,96.765,1,0.9222
0.8,10,10,100,100,96.765,1,0.91973
0.8,10,10,100,1000,96.765,1,0.92047
0.8,10,10,100,10000,96.765,1,0.92344
0.8,10,10,1000,1,96.765,1,0.92937
0.8,10,10,1000,10,96.765,1,0.91924
0.8,10,10,1000,100,96.765,1,0.92492
0.8,10,10,1000,1000,96.765,1,0.92072
0.8,10,10,1000,10000,96.765,1,0.92319
0.8,10,10,10000,1,96.765,1,0.90195
0.8,10,10,10000,10,96.765,1,0.92467
0.8,10,10,10000,100,96.765,1,0.9222
0.8,10,10,10000,1000,96.765,1,0.92146
0.8,10,10,10000,10000,96.765,1,0.92171
0.8,10,100,1,1,96.765,1,0.92615
0.8,10,100,1,10,96.765,1,0.93702
0.8,10,100,1,100,96.765,1,0.9269
0.8,10,100,1,1000,96.765,1,0.92368
0.8,10,100,1,10000,96.765,1,0.93134
0.8,10,100,10,1,96.765,1,0.92813
0.8,10,100,10,10,96.765,1,0.9427
0.8,10,100,10,100,96.765,1,0.93752
0.8,10,100,10,1000,96.765,1,0.91924
0.8,10,100,10,10000,96.765,1,0.91776
0.8,10,100,100,1,96.765,1,0.93085
0.8,10,100,100,10,96.765,1,0.93603
0.8,10,100,100,100,96.765,1,0.91875
0.8,10,100,100,1000,96.765,1,0.9101
0.8,10,100,100,10000,96.765,1,0.92196
0.8,10,100,1000,1,96.765,1,0.92862
0.8,10,100,1000,10,96.765,1,0.94295
0.8,10,100,1000,100,96.765,1,0.91973
0.8,10,100,1000,1000,96.765,1,0.92196
0.8,10,100,1000,10000,96.765,1,0.92146
0.8,10,100,10000,1,96.765,1,0.93356
0.8,10,100,10000,10,96.765,1,0.89479
0.8,10,100,10000,100,96.765,1,0.91751
0.8,10,100,10000,1000,96.765,1,0.92122
0.8,10,100,10000,10000,96.765,1,0.92467
0.8,10,1000,1,1,96.765,0.99463,0.89948
0.8,10,1000,1,10,96.765,0.98259,0.9064
0.8,10,1000,1,100,96.765,0.96233,0.90813
0.8,10,1000,1,1000,96.765,0.92923,0.89429
0.8,10,1000,1,10000,96.765,0.88989,0.88787
0.8,10,1000,10,1,96.765,0.99506,0.89825
0.8,10,1000,10,10,96.765,0.98178,0.90714
0.8,10,1000,10,100,96.765,0.96035,0.90936
0.8,10,1000,10,1000,96.765,0.93219,0.898
0.8,10,1000,10,10000,96.765,0.87544,0.8738
0.8,10,1000,100,1,96.765,0.99407,0.8938
0.8,10,1000,100,10,96.765,0.98339,0.91134
0.8,10,1000,100,100,96.765,0.96251,0.90689
0.8,10,1000,100,1000,96.765,0.92423,0.89627
0.8,10,1000,100,10000,96.765,0.88779,0.87725
0.8,10,1000,1000,1,96.765,0.99605,0.89504
0.8,10,1000,1000,10,96.765,0.98543,0.90442
0.8,10,1000,1000,100,96.765,0.96678,0.91306
0.8,10,1000,1000,1000,96.765,0.94751,0.90516
0.8,10,1000,1000,10000,96.765,0.90706,0.88244
0.8,10,1000,10000,1,96.765,0.99247,0.89874
0.8,10,1000,10000,10,96.765,0.98697,0.90245
0.8,10,1000,10000,100,96.765,0.97894,0.91899
0.8,10,1000,10000,1000,96.765,0.98308,0.92344
0.8,10,1000,10000,10000,96.765,1,0.92591
0.8,10,10000,1,1,96.765,0.92491,0.88861
0.8,10,10000,1,10,96.765,0.91422,0.88689
0.8,10,10000,1,100,96.765,0.90335,0.88713
0.8,10,10000,1,1000,96.765,0.88884,0.8775
0.8,10,10000,1,10000,96.765,0.86611,0.8738
0.8,10,10000,10,1,96.765,0.92361,0.88664
0.8,10,10000,10,10,96.765,0.91293,0.88861
0.8,10,10000,10,100,96.765,0.90267,0.8896
0.8,10,10000,10,1000,96.765,0.88421,0.87898
0.8,10,10000,10,10000,96.765,0.88606,0.87701
0.8,10,10000,100,1,96.765,0.92423,0.88738
0.8,10,10000,100,10,96.765,0.91237,0.88738
0.8,10,10000,100,100,96.765,0.9002,0.88861
0.8,10,10000,100,1000,96.765,0.89755,0.89059
0.8,10,10000,100,10000,96.765,0.88433,0.88367
0.8,10,10000,1000,1,96.765,0.9233,0.88886
0.8,10,10000,1000,10,96.765,0.91558,0.88787
0.8,10,10000,1000,100,96.765,0.89742,0.88639
0.8,10,10000,1000,1000,96.765,0.88742,0.87997
0.8,10,10000,1000,10000,96.765,0.88581,0.8817
0.8,10,10000,10000,1,96.765,0.92361,0.88763
0.8,10,10000,10000,10,96.765,0.91274,0.8901
0.8,10,10000,10000,100,96.765,0.90471,0.88985
0.8,10,10000,10000,1000,96.765,0.89767,0.88886
0.8,10,10000,10000,10000,96.765,0.88563,0.87948
0.8,100,1,1,1,96.765,1,0.92368
0.8,100,1,1,10,96.765,1,0.92122
0.8,100,1,1,100,96.765,1,0.92418
0.8,100,1,1,1000,96.765,1,0.9222
0.8,100,1,1,10000,96.765,1,0.9227
0.8,100,1,10,1,96.765,1,0.91553
0.8,100,1,10,10,96.765,1,0.91949
0.8,100,1,10,100,96.765,1,0.92122
0.8,100,1,10,1000,96.765,1,0.9227
0.8,100,1,10,10000,96.765,1,0.92294
0.8,100,1,100,1,96.765,1,0.92294
0.8,100,1,100,10,96.765,1,0.92047
0.8,100,1,100,100,96.765,1,0.92245
0.8,100,1,100,1000,96.765,1,0.91973
0.8,100,1,100,10000,96.765,1,0.91949
0.8,100,1,1000,1,96.765,1,0.92023
0.8,100,1,1000,10,96.765,1,0.92344
0.8,100,1,1000,100,96.765,1,0.9264
0.8,100,1,1000,1000,96.765,1,0.92196
0.8,100,1,1000,10000,96.765,1,0.9227
0.8,100,1,10000,1,96.765,1,0.9227
0.8,100,1,10000,10,96.765,1,0.92196
0.8,100,1,10000,100,96.765,1,0.92541
0.8,100,1,10000,1000,96.765,1,0.92245
0.8,100,1,10000,10000,96.765,1,0.92072
0.8,100,10,1,1,96.765,1,0.91751
0.8,100,10,1,10,96.765,1,0.92146
0.8,100,10,1,100,96.765,1,0.92171
0.8,100,10,1,1000,96.765,1,0.92467
0.8,100,10,1,10000,96.765,1,0.92146
0.8,100,10,10,1,96.765,1,0.92714
0.8,100,10,10,10,96.765,1,0.92047
0.8,100,10,10,100,96.765,1,0.92368
0.8,100,10,10,1000,96.765,1,0.92171
0.8,100,10,10,10000,96.765,1,0.92368
0.8,100,10,100,1,96.765,1,0.93801
0.8,100,10,100,10,96.765,1,0.91924
0.8,100,10,100,100,96.765,1,0.92443
0.8,100,10,100,1000,96.765,1,0.92047
0.8,100,10,100,10000,96.765,1,0.92393
0.8,100,10,1000,1,96.765,1,0.93109
0.8,100,10,1000,10,96.765,1,0.92146
0.8,100,10,1000,100,96.765,1,0.92196
0.8,100,10,1000,1000,96.765,1,0.91949
0.8,100,10,1000,10000,96.765,1,0.92097
0.8,100,10,10000,1,96.765,1,0.91479
0.8,100,10,10000,10,96.765,1,0.92146
0.8,100,10,10000,100,96.765,1,0.92319
0.8,100,10,10000,1000,96.765,1,0.9227
0.8,100,10,10000,10000,96.765,1,0.92393
0.8,100,100,1,1,96.765,1,0.93208
0.8,100,100,1,10,96.765,1,0.94023
0.8,100,100,1,100,96.765,1,0.92739
0.8,100,100,1,1000,96.765,1,0.91109
0.8,100,100,1,10000,96.765,1,0.91381
0.8,100,100,10,1,96.765,1,0.93455
0.8,100,100,10,10,96.765,1,0.93949
0.8,100,100,10,100,96.765,1,0.9227
0.8,100,100,10,1000,96.765,1,0.91899
0.8,100,100,10,10000,96.765,1,0.90887
0.8,100,100,100,1,96.765,1,0.93776
0.8,100,100,100,10,96.765,1,0.94147
0.8,100,100,100,100,96.765,1,0.91455
0.8,100,100,100,1000,96.765,1,0.93455
0.8,100,100,100,10000,96.765,1,0.91628
0.8,100,100,1000,1,96.765,1,0.93035
0.8,100,100,1000,10,96.765,1,0.93999
0.8,100,100,1000,100,96.765,1,0.9343
0.8,100,100,1000,1000,96.765,1,0.91084
0.8,100,100,1000,10000,96.765,1,0.91875
0.8,100,100,10000,1,96.765,1,0.9306
0.8,100,100,10000,10,96.765,1,0.93505
0.8,100,100,10000,100,96.765,1,0.89034
0.8,100,100,10000,1000,96.765,1,0.92047
0.8,100,100,10000,10000,96.765,1,0.92122
0.8,100,1000,1,1,96.765,0.98191,0.9106
0.8,100,1000,1,10,96.765,0.96431,0.91306
0.8,100,1000,1,100,96.765,0.92398,0.89676
0.8,100,1000,1,1000,96.765,0.88118,0.87824
0.8,100,1000,1,10000,96.765,0.96758,0.92714
0.8,100,1000,10,1,96.765,0.98425,0.90615
0.8,100,1000,10,10,96.765,0.9635,0.91109
0.8,100,1000,10,100,96.765,0.92318,0.89775
0.8,100,1000,10,1000,96.765,0.88057,0.87503
0.8,100,1000,10,10000,96.765,0.88118,0.87577
0.8,100,1000,100,1,96.765,0.98357,0.90738
0.8,100,1000,100,10,96.765,0.95844,0.90763
0.8,100,1000,100,100,96.765,0.92293,0.89726
0.8,100,1000,100,1000,96.765,0.88538,0.87972
0.8,100,1000,100,10000,96.765,0.88248,0.87898
0.8,100,1000,1000,1,96.765,0.98339,0.90566
0.8,100,1000,1000,10,96.765,0.96406,0.9101
0.8,100,1000,1000,100,96.765,0.92503,0.89973
0.8,100,1000,1000,1000,96.765,0.88785,0.87725
0.8,100,1000,1000,10000,96.765,0.87908,0.87133
0.8,100,1000,10000,1,96.765,0.98783,0.90442
0.8,100,1000,10000,10,96.765,0.96678,0.91109
0.8,100,1000,10000,100,96.765,0.94671,0.90245
0.8,100,1000,10000,1000,96.765,0.90786,0.88195
0.8,100,1000,10000,10000,96.765,0.87167,0.81403
0.8,100,10000,1,1,96.765,0.91305,0.89158
0.8,100,10000,1,10,96.765,0.90675,0.88837
0.8,100,10000,1,100,96.765,0.89143,0.88614
0.8,100,10000,1,1000,96.765,0.88069,0.86984
0.8,100,10000,1,10000,96.765,0.88378,0.88343
0.8,100,10000,10,1,96.765,0.91428,0.88936
0.8,100,10000,10,10,96.765,0.90484,0.89108
0.8,100,10000,10,100,96.765,0.89001,0.88417
0.8,100,10000,10,1000,96.765,0.89946,0.89158
0.8,100,10000,10,10000,96.765,0.89001,0.88442
0.8,100,10000,100,1,96.765,0.91595,0.89306
0.8,100,10000,100,10,96.765,0.89705,0.88664
0.8,100,10000,100,100,96.765,0.8847,0.87849
0.8,100,10000,100,1000,96.765,0.88835,0.88664
0.8,100,10000,100,10000,96.765,0.88557,0.88985
0.8,100,10000,1000,1,96.765,0.9128,0.89059
0.8,100,10000,1000,10,96.765,0.8999,0.88936
0.8,100,10000,1000,100,96.765,0.92392,0.91356
0.8,100,10000,1000,1000,96.765,0.87797,0.87577
0.8,100,10000,1000,10000,96.765,0.87241,0.87108
0.8,100,10000,10000,1,96.765,0.91472,0.88936
0.8,100,10000,10000,10,96.765,0.90545,0.89232
0.8,100,10000,10000,100,96.765,0.88717,0.87898
0.8,100,10000,10000,1000,96.765,0.88427,0.87799
0.8,100,10000,10000,10000,96.765,0.88254,0.87874
0.8,1000,1,1,1,96.765,1,0.9222
0.8,1000,1,1,10,96.765,1,0.92418
0.8,1000,1,1,100,96.765,1,0.92171
0.8,1000,1,1,1000,96.765,1,0.91924
0.8,1000,1,1,10000,96.765,1,0.92047
0.8,1000,1,10,1,96.765,1,0.91751
0.8,1000,1,10,10,96.765,1,0.91949
0.8,1000,1,10,100,96.765,1,0.9227
0.8,1000,1,10,1000,96.765,1,0.9227
0.8,1000,1,10,10000,96.765,1,0.91998
0.8,1000,1,100,1,96.765,1,0.92368
0.8,1000,1,100,10,96.765,1,0.92047
0.8,1000,1,100,100,96.765,1,0.92171
0.8,1000,1,100,1000,96.765,1,0.92344
0.8,1000,1,100,10000,96.765,1,0.92591
0.8,1000,1,1000,1,96.765,1,0.92047
0.8,1000,1,1000,10,96.765,1,0.92467
0.8,1000,1,1000,100,96.765,1,0.92122
0.8,1000,1,1000,1000,96.765,1,0.92171
0.8,1000,1,1000,10000,96.765,1,0.92196
0.8,1000,1,10000,1,96.765,1,0.92122
0.8,1000,1,10000,10,96.765,1,0.9227
0.8,1000,1,10000,100,96.765,1,0.92344
0.8,1000,1,10000,1000,96.765,1,0.92196
0.8,1000,1,10000,10000,96.765,1,0.9222
0.8,1000,10,1,1,96.765,1,0.92122
0.8,1000,10,1,10,96.765,1,0.92146
0.8,1000,10,1,100,96.765,1,0.92517
0.8,1000,10,1,1000,96.765,1,0.92566
0.8,1000,10,1,10000,96.765,1,0.92541
0.8,1000,10,10,1,96.765,1,0.93011
0.8,1000,10,10,10,96.765,1,0.91924
0.8,1000,10,10,100,96.765,1,0.92146
0.8,1000,10,10,1000,96.765,1,0.92072
0.8,1000,10,10,10000,96.765,1,0.91751
0.8,1000,10,100,1,96.765,1,0.9222
0.8,1000,10,100,10,96.765,1,0.92171
0.8,1000,10,100,100,96.765,1,0.91825
0.8,1000,10,100,1000,96.765,1,0.92122
0.8,1000,10,100,10000,96.765,1,0.92245
0.8,1000,10,1000,1,96.765,1,0.91578
0.8,1000,10,1000,10,96.765,1,0.91973
0.8,1000,10,1000,100,96.765,1,0.92023
0.8,1000,10,1000,1000,96.765,1,0.92171
0.8,1000,10,1000,10000,96.765,1,0.92566
0.8,1000,10,10000,1,96.765,1,0.86318
0.8,1000,10,10000,10,96.765,1,0.91998
0.8,1000,10,10000,100,96.765,1,0.92072
0.8,1000,10,10000,1000,96.765,1,0.91875
0.8,1000,10,10000,10000,96.765,1,0.92319
0.8,1000,100,1,1,96.765,1,0.93579
0.8,1000,100,1,10,96.765,1,0.93554
0.8,1000,100,1,100,96.765,1,0.92171
0.8,1000,100,1,1000,96.765,1,0.91183
0.8,1000,100,1,10000,96.765,1,0.91455
0.8,1000,100,10,1,96.765,1,0.93924
0.8,1000,100,10,10,96.765,1,0.92961
0.8,1000,100,10,100,96.765,1,0.91405
0.8,1000,100,10,1000,96.765,1,0.91455
0.8,1000,100,10,10000,96.765,1,0.92591
0.8,1000,100,100,1,96.765,1,0.93752
0.8,1000,100,100,10,96.765,1,0.93381
0.8,1000,100,100,100,96.765,1,0.92245
0.8,1000,100,100,1000,96.765,1,0.92393
0.8,1000,100,100,10000,96.765,1,0.91949
0.8,1000,100,1000,1,96.765,1,0.94023
0.8,1000,100,1000,10,96.765,1,0.93776
0.8,1000,100,1000,100,96.765,1,0.91504
0.8,1000,100,1000,1000,96.765,1,0.92047
0.8,1000,100,1000,10000,96.765,1,0.9222
0.8,1000,100,10000,1,96.765,1,0.9427
0.8,1000,100,10000,10,96.765,1,0.939
0.8,1000,100,10000,100,96.765,1,0.91504
0.8,1000,100,10000,1000,96.765,1,0.91973
0.8,1000,100,10000,10000,96.765,1,0.9222
0.8,1000,1000,1,1,96.765,0.96375,0.90887
0.8,1000,1000,1,10,96.765,0.92157,0.89479
0.8,1000,1000,1,100,96.765,0.87649,0.87207
0.8,1000,1000,1,1000,96.765,0.87044,0.87577
0.8,1000,1000,1,10000,96.765,0.88563,0.87923
0.8,1000,1000,10,1,96.765,0.96529,0.91035
0.8,1000,1000,10,10,96.765,0.92095,0.89504
0.8,1000,1000,10,100,96.765,0.86636,0.8649
0.8,1000,1000,10,1000,96.765,0.89119,0.88417
0.8,1000,1000,10,10000,96.765,0.88322,0.87775
0.8,1000,1000,100,1,96.765,0.96363,0.91183
0.8,1000,1000,100,10,96.765,0.92336,0.89874
0.8,1000,1000,100,100,96.765,0.87686,0.8696
0.8,1000,1000,100,1000,96.765,0.88267,0.88046
0.8,1000,1000,100,10000,96.765,0.88124,0.8775
0.8,1000,1000,1000,1,96.765,0.96573,0.91158
0.8,1000,1000,1000,10,96.765,0.89724,0.87997
0.8,1000,1000,1000,100,96.765,0.88304,0.87775
0.8,1000,1000,1000,1000,96.765,0.88254,0.87997
0.8,1000,1000,1000,10000,96.765,0.87766,0.87207
0.8,1000,1000,10000,1,96.765,0.95455,0.90442
0.8,1000,1000,10000,10,96.765,0.92311,0.89578
0.8,1000,1000,10000,100,96.765,0.89001,0.88145
0.8,1000,1000,10000,1000,96.765,0.8805,0.87281
0.8,1000,1000,10000,10000,96.765,0.8064,0.79995
0.8,1000,10000,1,1,96.765,0.89255,0.88269
0.8,1000,10000,1,10,96.765,0.87124,0.8691
0.8,1000,10000,1,100,96.765,0.87779,0.87281
0.8,1000,10000,1,1000,96.765,0.93757,0.8081
0.8,1000,10000,1,10000,96.765,0.94899,0.91751
0.8,1000,10000,10,1,96.765,0.90243,0.88911
0.8,1000,10000,10,10,96.765,0.88106,0.87231
0.8,1000,10000,10,100,96.765,0.7938,0.7918
0.8,1000,10000,10,1000,96.765,0.88717,0.88417
0.8,1000,10000,10,10000,96.765,0.9992,0.92813
0.8,1000,10000,100,1,96.765,0.90249,0.88985
0.8,1000,10000,100,10,96.765,0.88699,0.88071
0.8,1000,10000,100,100,96.765,0.86741,0.86169
0.8,1000,10000,100,1000,96.765,0.92731,0.9185
0.8,1000,10000,100,10000,96.765,0.8952,0.88343
0.8,1000,10000,1000,1,96.765,0.90304,0.8896
0.8,1000,10000,1000,10,96.765,0.89205,0.88491
0.8,1000,10000,1000,100,96.765,0.85074,0.85206
0.8,1000,10000,1000,1000,96.765,0.88693,0.88911
0.8,1000,10000,1000,10000,96.765,0.87989,0.87701
0.8,1000,10000,10000,1,96.765,0.90255,0.88861
0.8,1000,10000,10000,10,96.765,0.86754,0.86416
0.8,1000,10000,10000,100,96.765,0.87853,0.87429
0.8,1000,10000,10000,1000,96.765,0.88267,0.87874
0.8,1000,10000,10000,10000,96.765,0.88081,0.87676
0.8,10000,1,1,1,96.765,1,0.91973
0.8,10000,1,1,10,96.765,1,0.92541
0.8,10000,1,1,100,96.765,1,0.91677
0.8,10000,1,1,1000,96.765,1,0.92418
0.8,10000,1,1,10000,96.765,1,0.92072
0.8,10000,1,10,1,96.765,1,0.91158
0.8,10000,1,10,10,96.765,1,0.92072
0.8,10000,1,10,100,96.765,1,0.91825
0.8,10000,1,10,1000,96.765,1,0.918
0.8,10000,1,10,10000,96.765,1,0.9227
0.8,10000,1,100,1,96.765,1,0.92393
0.8,10000,1,100,10,96.765,1,0.92122
0.8,10000,1,100,100,96.765,1,0.91702
0.8,10000,1,100,1000,96.765,1,0.92541
0.8,10000,1,100,10000,96.765,1,0.92517
0.8,10000,1,1000,1,96.765,1,0.92245
0.8,10000,1,1000,10,96.765,1,0.91677
0.8,10000,1,1000,100,96.765,1,0.92245
0.8,10000,1,1000,1000,96.765,1,0.91998
0.8,10000,1,1000,10000,96.765,1,0.92171
0.8,10000,1,10000,1,96.765,1,0.92294
0.8,10000,1,10000,10,96.765,1,0.9227
0.8,10000,1,10000,100,96.765,1,0.92294
0.8,10000,1,10000,1000,96.765,1,0.92294
0.8,10000,1,10000,10000,96.765,1,0.92393
0.8,10000,10,1,1,96.765,1,0.93085
0.8,10000,10,1,10,96.765,1,0.93109
0.8,10000,10,1,100,96.765,1,0.9143
0.8,10000,10,1,1000,96.765,1,0.92023
0.8,10000,10,1,10000,96.765,1,0.92023
0.8,10000,10,10,1,96.765,1,0.93554
0.8,10000,10,10,10,96.765,1,0.91331
0.8,10000,10,10,100,96.765,1,0.92072
0.8,10000,10,10,1000,96.765,1,0.918
0.8,10000,10,10,10000,96.765,1,0.91973
0.8,10000,10,100,1,96.765,1,0.93505
0.8,10000,10,100,10,96.765,1,0.93801
0.8,10000,10,100,100,96.765,1,0.92714
0.8,10000,10,100,1000,96.765,1,0.92517
0.8,10000,10,100,10000,96.765,1,0.92566
0.8,10000,10,1000,1,96.765,1,0.93752
0.8,10000,10,1000,10,96.765,1,0.92146
0.8,10000,10,1000,100,96.765,1,0.92196
0.8,10000,10,1000,1000,96.765,1,0.92047
0.8,10000,10,1000,10000,96.765,1,0.91776
0.8,10000,10,10000,1,96.765,1,0.90442
0.8,10000,10,10000,10,96.765,1,0.9227
0.8,10000,10,10000,100,96.765,1,0.91924
0.8,10000,10,10000,1000,96.765,1,0.91825
0.8,10000,10,10000,10000,96.765,1,0.91702
0.8,10000,100,1,1,96.765,1,0.93307
0.8,10000,100,1,10,96.765,1,0.92714
0.8,10000,100,1,100,96.765,1,0.92764
0.8,10000,100,1,1000,96.765,1,0.93529
0.8,10000,100,1,10000,96.765,1,0.93826
0.8,10000,100,10,1,96.765,1,0.93035
0.8,10000,100,10,10,96.765,1,0.92887
0.8,10000,100,10,100,96.765,1,0.92912
0.8,10000,100,10,1000,96.765,1,0.93603
0.8,10000,100,10,10000,96.765,1,0.94245
0.8,10000,100,100,1,96.765,1,0.93554
0.8,10000,100,100,10,96.765,1,0.93307
0.8,10000,100,100,100,96.765,1,0.93653
0.8,10000,100,100,1000,96.765,1,0.94171
0.8,10000,100,100,10000,96.765,1,0.92517
0.8,10000,100,1000,1,96.765,1,0.93752
0.8,10000,100,1000,10,96.765,1,0.93702
0.8,10000,100,1000,100,96.765,1,0.94097
0.8,10000,100,1000,1000,96.765,1,0.92665
0.8,10000,100,1000,10000,96.765,1,0.92122
0.8,10000,100,10000,1,96.765,1,0.94369
0.8,10000,100,10000,10,96.765,1,0.94122
0.8,10000,100,10000,100,96.765,1,0.92196
0.8,10000,100,10000,1000,96.765,1,0.92344
0.8,10000,100,10000,10000,96.765,1,0.92245
0.8,10000,1000,1,1,96.765,0.91885,0.89676
0.8,10000,1000,1,10,96.765,0.86908,0.86762
0.8,10000,1000,1,100,96.765,0.88087,0.88417
0.8,10000,1000,1,1000,96.765,0.86599,0.8612
0.8,10000,1000,1,10000,96.765,1,0.88046
0.8,10000,1000,10,1,96.765,0.91181,0.89108
0.8,10000,1000,10,10,96.765,0.87933,0.87528
0.8,10000,1000,10,100,96.765,0.97561,0.93134
0.8,10000,1000,10,1000,96.765,0.82986,0.82959
0.8,10000,1000,10,10000,96.765,0.88229,0.87948
0.8,10000,1000,100,1,96.765,0.91719,0.8938
0.8,10000,1000,100,10,96.765,0.87495,0.87108
0.8,10000,1000,100,100,96.765,0.865,0.86737
0.8,10000,1000,100,1000,96.765,0.89063,0.89232
0.8,10000,1000,100,10000,96.765,0.88168,0.87799
0.8,10000,1000,1000,1,96.765,0.90984,0.88664
0.8,10000,1000,1000,10,96.765,0.88044,0.87355
0.8,10000,1000,1000,100,96.765,0.8797,0.87503
0.8,10000,1000,1000,1000,96.765,0.88236,0.88022
0.8,10000,1000,1000,10000,96.765,0.87791,0.87355
0.8,10000,1000,10000,1,96.765,0.88581,0.87083
0.8,10000,1000,10000,10,96.765,0.88242,0.87701
0.8,10000,1000,10000,100,96.765,0.8826,0.87824
0.8,10000,1000,10000,1000,96.765,0.87779,0.87133
0.8,10000,1000,10000,10000,96.765,0.79812,0.8002
0.8,10000,10000,1,1,96.765,0.87186,0.86589
0.8,10000,10000,1,10,96.765,0.87989,0.87651
0.8,10000,10000,1,100,96.765,0.87038,0.86663
0.8,10000,10000,1,1000,96.765,1,0.93208
0.8,10000,10000,1,10000,96.765,1,0.91109
0.8,10000,10000,10,1,96.765,0.88538,0.87997
0.8,10000,10000,10,10,96.765,0.88705,0.88318
0.8,10000,10000,10,100,96.765,0.86673,0.86466
0.8,10000,10000,10,1000,96.765,0.97264,0.9185
0.8,10000,10000,10,10000,96.765,1,0.8365
0.8,10000,10000,100,1,96.765,0.88304,0.87577
0.8,10000,10000,100,10,96.765,0.87538,0.86762
0.8,10000,10000,100,100,96.765,0.86463,0.86342
0.8,10000,10000,100,1000,96.765,0.92083,0.91208
0.8,10000,10000,100,10000,96.765,1,0.90541
0.8,10000,10000,1000,1,96.765,0.87939,0.86984
0.8,10000,10000,1000,10,96.765,0.86673,0.8612
0.8,10000,10000,1000,100,96.765,0.8755,0.87207
0.8,10000,10000,1000,1000,96.765,0.89224,0.89084
0.8,10000,10000,1000,10000,96.765,0.87939,0.87552
0.8,10000,10000,10000,1,96.765,0.88229,0.87355
0.8,10000,10000,10000,10,96.765,0.87877,0.87824
0.8,10000,10000,10000,100,96.765,0.87995,0.87923
0.8,10000,10000,10000,1000,96.765,0.88229,0.87725
0.8,10000,10000,10000,10000,96.765,0.88032,0.87627
0.1,1,1,1,1,94.923,1,0.83264
0.1,1,1,1,10,94.923,1,0.5196
0.1,1,1,1,100,94.923,1,0.91777
0.1,1,1,1,1000,94.923,1,0.91448
0.1,1,1,1,10000,94.923,1,0.92046
0.1,1,1,10,1,94.923,1,0.89318
0.1,1,1,10,10,94.923,1,0.91322
0.1,1,1,10,100,94.923,1,0.92238
0.1,1,1,10,1000,94.923,1,0.91508
0.1,1,1,10,10000,94.923,1,0.92079
0.1,1,1,100,1,94.923,1,0.76622
0.1,1,1,100,10,94.923,1,0.91882
0.1,1,1,100,100,94.923,1,0.91421
0.1,1,1,100,1000,94.923,1,0.92266
0.1,1,1,100,10000,94.923,1,0.92068
0.1,1,1,1000,1,94.923,1,0.91393
0.1,1,1,1000,10,94.923,1,0.92046
0.1,1,1,1000,100,94.923,1,0.92085
0.1,1,1,1000,1000,94.923,1,0.92211
0.1,1,1,1000,10000,94.923,1,0.91739
0.1,1,1,10000,1,94.923,1,0.91975
0.1,1,1,10000,10,94.923,1,0.92162
0.1,1,1,10000,100,94.923,1,0.92156
0.1,1,1,10000,1000,94.923,1,0.92206
0.1,1,1,10000,10000,94.923,1,0.92167
0.1,1,10,1,1,94.923,1,0.87683
0.1,1,10,1,10,94.923,1,0.84943
0.1,1,10,1,100,94.923,1,0.688
0.1,1,10,1,1000,94.923,1,0.91964
0.1,1,10,1,10000,94.923,1,0.91558
0.1,1,10,10,1,94.923,1,0.87743
0.1,1,10,10,10,94.923,1,0.86036
0.1,1,10,10,100,94.923,1,0.84653
0.1,1,10,10,1000,94.923,1,0.91646
0.1,1,10,10,10000,94.923,1,0.92354
0.1,1,10,100,1,94.923,1,0.88336
0.1,1,10,100,10,94.923,1,0.90471
0.1,1,10,100,100,94.923,1,0.84444
0.1,1,10,100,1000,94.923,1,0.91788
0.1,1,10,100,10000,94.923,1,0.9169
0.1,1,10,1000,1,94.923,1,0.89187
0.1,1,10,1000,10,94.923,1,0.91102
0.1,1,10,1000,100,94.923,1,0.91777
0.1,1,10,1000,1000,94.923,1,0.92046
0.1,1,10,1000,10000,94.923,1,0.91991
0.1,1,10,10000,1,94.923,1,0.86854
0.1,1,10,10000,10,94.923,1,0.91399
0.1,1,10,10000,100,94.923,1,0.91898
0.1,1,10,10000,1000,94.923,1,0.92167
0.1,1,10,10000,10000,94.923,1,0.92189
0.1,1,100,1,1,94.923,1,0.87562
0.1,1,100,1,10,94.923,1,0.87946
0.1,1,100,1,100,94.923,0.99802,0.89401
0.1,1,100,1,1000,94.923,0.91453,0.89066
0.1,1,100,1,10000,94.923,1,0.81463
0.1,1,100,10,1,94.923,1,0.87628
0.1,1,100,10,10,94.923,0.99951,0.88166
0.1,1,100,10,100,94.923,0.99852,0.89143
0.1,1,100,10,1000,94.923,1,0.85805
0.1,1,100,10,10000,94.923,1,0.90767
0.1,1,100,100,1,94.923,1,0.89005
0.1,1,100,100,10,94.923,1,0.89461
0.1,1,100,100,100,94.923,0.99951,0.89834
0.1,1,100,100,1000,94.923,1,0.913
0.1,1,100,100,10000,94.923,1,0.90872
0.1,1,100,1000,1,94.923,1,0.88451
0.1,1,100,1000,10,94.923,1,0.89889
0.1,1,100,1000,100,94.923,1,0.90949
0.1,1,100,1000,1000,94.923,1,0.9254
0.1,1,100,1000,10000,94.923,1,0.91289
0.1,1,100,10000,1,94.923,1,0.88907
0.1,1,100,10000,10,94.923,1,0.89999
0.1,1,100,10000,100,94.923,1,0.90959
0.1,1,100,10000,1000,94.923,1,0.91673
0.1,1,100,10000,10000,94.923,1,0.91887
0.1,1,1000,1,1,94.923,0.98567,0.88643
0.1,1,1000,1,10,94.923,0.97134,0.885
0.1,1,1000,1,100,94.923,0.93725,0.88879
0.1,1,1000,1,1000,94.923,0.87204,0.85158
0.1,1,1000,1,10000,94.923,0.87154,0.86832
0.1,1,1000,10,1,94.923,0.98962,0.88133
0.1,1,1000,10,10,94.923,0.96937,0.89088
0.1,1,1000,10,100,94.923,0.93626,0.88385
0.1,1,1000,10,1000,94.923,0.88686,0.87886
0.1,1,1000,10,10000,94.923,0.88142,0.8822
0.1,1,1000,100,1,94.923,0.98468,0.88056
0.1,1,1000,100,10,94.923,0.97431,0.89033
0.1,1,1000,100,100,94.923,0.93528,0.89049
0.1,1,1000,100,1000,94.923,0.90415,0.8833
0.1,1,1000,100,10000,94.923,0.88735,0.88253
0.1,1,1000,1000,1,94.923,0.98271,0.87809
0.1,1,1000,1000,10,94.923,0.97233,0.89307
0.1,1,1000,1000,100,94.923,0.94664,0.88912
0.1,1,1000,1000,1000,94.923,0.92836,0.88693
0.1,1,1000,1000,10000,94.923,0.91057,0.88039
0.1,1,1000,10000,1,94.923,0.99111,0.88561
0.1,1,1000,10000,10,94.923,0.97826,0.89878
0.1,1,1000,10000,100,94.923,0.97381,0.89565
0.1,1,1000,10000,1000,94.923,0.9753,0.89099
0.1,1,1000,10000,10000,94.923,1,0.80371
0.1,1,10000,1,1,94.923,0.91798,0.88369
0.1,1,10000,1,10,94.923,0.90267,0.88802
0.1,1,10000,1,100,94.923,0.8918,0.88517
0.1,1,10000,1,1000,94.923,0.88291,0.88248
0.1,1,10000,1,10000,94.923,0.85672,0.86431
0.1,1,10000,10,1,94.923,0.91848,0.88308
0.1,1,10000,10,10,94.923,0.91156,0.88934
0.1,1,10000,10,100,94.923,0.88834,0.88061
0.1,1,10000,10,1000,94.923,0.84783,0.84488
0.1,1,10000,10,10000,94.923,0.81225,0.79751
0.1,1,10000,100,1,94.923,0.91502,0.88094
0.1,1,10000,100,10,94.923,0.91008,0.89648
0.1,1,10000,100,100,94.923,0.89229,0.88385
0.1,1,10000,100,1000,94.923,0.87055,0.86305
0.1,1,10000,100,10000,94.923,0.87846,0.88445
0.1,1,10000,1000,1,94.923,0.91897,0.88506
0.1,1,10000,1000,10,94.923,0.90909,0.88967
0.1,1,10000,1000,100,94.923,0.89723,0.88945
0.1,1,10000,1000,1000,94.923,0.87055,0.8732
0.1,1,10000,1000,10000,94.923,0.88093,0.88144
0.1,1,10000,10000,1,94.923,0.91502,0.88089
0.1,1,10000,10000,10,94.923,0.90563,0.88687
0.1,1,10000,10000,100,94.923,0.8997,0.89055
0.1,1,10000,10000,1000,94.923,0.8834,0.87951
0.1,1,10000,10000,10000,94.923,0.88142,0.88248
0.1,10,1,1,1,94.923,1,0.88413
0.1,10,1,1,10,94.923,1,0.87529
0.1,10,1,1,100,94.923,1,0.92178
0.1,10,1,1,1000,94.923,1,0.91673
0.1,10,1,1,10000,94.923,1,0.91629
0.1,10,1,10,1,94.923,1,0.90037
0.1,10,1,10,10,94.923,1,0.9091
0.1,10,1,10,100,94.923,1,0.92195
0.1,10,1,10,1000,94.923,1,0.9209
0.1,10,1,10,10000,94.923,1,0.92035
0.1,10,1,100,1,94.923,1,0.68257
0.1,10,1,100,10,94.923,1,0.92013
0.1,10,1,100,100,94.923,1,0.91744
0.1,10,1,100,1000,94.923,1,0.90197
0.1,10,1,100,10000,94.923,1,0.92134
0.1,10,1,1000,1,94.923,1,0.91388
0.1,10,1,1000,10,94.923,1,0.92118
0.1,10,1,1000,100,94.923,1,0.92134
0.1,10,1,1000,1000,94.923,1,0.92107
0.1,10,1,1000,10000,94.923,1,0.92002
0.1,10,1,10000,1,94.923,1,0.92112
0.1,10,1,10000,10,94.923,1,0.92134
0.1,10,1,10000,100,94.923,1,0.91497
0.1,10,1,10000,1000,94.923,1,0.92052
0.1,10,1,10000,10000,94.923,1,0.92151
0.1,10,10,1,1,94.923,1,0.84664
0.1,10,10,1,10,94.923,1,0.85778
0.1,10,10,1,100,94.923,1,0.91821
0.1,10,10,1,1000,94.923,1,0.91283
0.1,10,10,1,10000,94.923,1,0.91948
0.1,10,10,10,1,94.923,1,0.85459
0.1,10,10,10,10,94.923,1,0.84674
0.1,10,10,10,100,94.923,1,0.91009
0.1,10,10,10,1000,94.923,1,0.91174
0.1,10,10,10,10000,94.923,1,0.91256
0.1,10,10,100,1,94.923,1,0.85064
0.1,10,10,100,10,94.923,1,0.91294
0.1,10,10,100,100,94.923,1,0.91536
0.1,10,10,100,1000,94.923,1,0.91794
0.1,10,10,100,10000,94.923,1,0.91602
0.1,10,10,1000,1,94.923,1,0.9097
0.1,10,10,1000,10,94.923,1,0.71704
0.1,10,10,1000,100,94.923,1,0.90317
0.1,10,10,1000,1000,94.923,1,0.91991
0.1,10,10,1000,10000,94.923,1,0.91217
0.1,10,10,10000,1,94.923,1,0.87145
0.1,10,10,10000,10,94.923,1,0.91651
0.1,10,10,10000,100,94.923,1,0.92096
0.1,10,10,10000,1000,94.923,1,0.92145
0.1,10,10,10000,10000,94.923,1,0.9214
0.1,10,100,1,1,94.923,1,0.88627
0.1,10,100,1,10,94.923,0.99901,0.89999
0.1,10,100,1,100,94.923,0.87549,0.85207
0.1,10,100,1,1000,94.923,1,0.8058
0.1,10,100,1,10000,94.923,1,0.84922
0.1,10,100,10,1,94.923,1,0.8866
0.1,10,100,10,10,94.923,0.99802,0.8939
0.1,10,100,10,100,94.923,0.89279,0.87282
0.1,10,100,10,1000,94.923,0.88735,0.8827
0.1,10,100,10,10000,94.923,1,0.91865
0.1,10,100,100,1,94.923,1,0.88874
0.1,10,100,100,10,94.923,0.99901,0.89203
0.1,10,100,100,100,94.923,0.95603,0.88896
0.1,10,100,100,1000,94.923,1,0.90482
0.1,10,100,100,10000,94.923,1,0.92689
0.1,10,100,1000,1,94.923,1,0.89225
0.1,10,100,1000,10,94.923,0.99901,0.90158
0.1,10,100,1000,100,94.923,1,0.91865
0.1,10,100,1000,1000,94.923,1,0.9203
0.1,10,100,1000,10000,94.923,1,0.91415
0.1,10,100,10000,1,94.923,1,0.89681
0.1,10,100,10000,10,94.923,1,0.90356
0.1,10,100,10000,100,94.923,1,0.92162
0.1,10,100,10000,1000,94.923,1,0.91865
0.1,10,100,10000,10000,94.923,1,0.91854
0.1,10,1000,1,1,94.923,0.96097,0.89011
0.1,10,1000,1,10,94.923,0.92589,0.88023
0.1,10,1000,1,100,94.923,0.87698,0.87084
0.1,10,1000,1,1000,94.923,0.86759,0.87326
0.1,10,1000,1,10000,94.923,0.8498,0.85372
0.1,10,1000,10,1,94.923,0.97085,0.88484
0.1,10,1000,10,10,94.923,0.92836,0.88242
0.1,10,1000,10,100,94.923,0.88389,0.87973
0.1,10,1000,10,1000,94.923,0.87204,0.87726
0.1,10,1000,10,10000,94.923,0.88291,0.8855
0.1,10,1000,100,1,94.923,0.96542,0.88725
0.1,10,1000,100,10,94.923,0.91848,0.86683
0.1,10,1000,100,100,94.923,0.88587,0.87304
0.1,10,1000,100,1000,94.923,0.88192,0.88363
0.1,10,1000,100,10000,94.923,0.87846,0.88188
0.1,10,1000,1000,1,94.923,0.96393,0.88731
0.1,10,1000,1000,10,94.923,0.93132,0.88369
0.1,10,1000,1000,100,94.923,0.90514,0.885
0.1,10,1000,1000,1000,94.923,0.88933,0.88808
0.1,10,1000,1000,10000,94.923,0.88142,0.87897
0.1,10,1000,10000,1,94.923,0.96986,0.89022
0.1,10,1000,10000,10,94.923,0.95109,0.89203
0.1,10,1000,10000,100,94.923,0.92737,0.88725
0.1,10,1000,10000,1000,94.923,0.90217,0.87512
0.1,10,1000,10000,10000,94.923,0.91502,0.81063
0.1,10,10000,1,1,94.923,0.90415,0.88813
0.1,10,10000,1,10,94.923,0.89032,0.88665
0.1,10,10000,1,100,94.923,0.94417,0.82424
0.1,10,10000,1,1000,94.923,0.8582,0.84718
0.1,10,10000,1,10000,94.923,0.82115,0.82067
0.1,10,10000,10,1,94.923,0.9086,0.8872
0.1,10,10000,10,10,94.923,0.89575,0.88605
0.1,10,10000,10,100,94.923,0.82806,0.82929
0.1,10,10000,10,1000,94.923,0.76136,0.75914
0.1,10,10000,10,10000,94.923,0.82609,0.83264
0.1,10,10000,100,1,94.923,0.90761,0.8872
0.1,10,10000,100,10,94.923,0.89279,0.88418
0.1,10,10000,100,100,94.923,0.86808,0.86815
0.1,10,10000,100,1000,94.923,0.84634,0.84779
0.1,10,10000,100,10000,94.923,0.84486,0.84153
0.1,10,10000,1000,1,94.923,0.90711,0.88824
0.1,10,10000,1000,10,94.923,0.89526,0.88605
0.1,10,10000,1000,100,94.923,0.87154,0.86804
0.1,10,10000,1000,1000,94.923,0.86265,0.86673
0.1,10,10000,1000,10000,94.923,0.87895,0.88336
0.1,10,10000,10000,1,94.923,0.90613,0.88901
0.1,10,10000,10000,10,94.923,0.89575,0.89439
0.1,10,10000,10000,100,94.923,0.8503,0.85997
0.1,10,10000,10000,1000,94.923,0.88093,0.88215
0.1,10,10000,10000,10000,94.923,0.87895,0.87919
0.1,100,1,1,1,94.923,1,0.88078
0.1,100,1,1,10,94.923,1,0.91865
0.1,100,1,1,100,94.923,1,0.89697
0.1,100,1,1,1000,94.923,1,0.9158
0.1,100,1,1,10000,94.923,1,0.91437
0.1,100,1,10,1,94.923,1,0.89038
0.1,100,1,10,10,94.923,1,0.91421
0.1,100,1,10,100,94.923,1,0.92002
0.1,100,1,10,1000,94.923,1,0.91948
0.1,100,1,10,10000,94.923,1,0.91854
0.1,100,1,100,1,94.923,1,0.58305
0.1,100,1,100,10,94.923,1,0.91832
0.1,100,1,100,100,94.923,1,0.92008
0.1,100,1,100,1000,94.923,1,0.91624
0.1,100,1,100,10000,94.923,1,0.92024
0.1,100,1,1000,1,94.923,1,0.91969
0.1,100,1,1000,10,94.923,1,0.90273
0.1,100,1,1000,100,94.923,1,0.91607
0.1,100,1,1000,1000,94.923,1,0.9175
0.1,100,1,1000,10000,94.923,1,0.91585
0.1,100,1,10000,1,94.923,1,0.92145
0.1,100,1,10000,10,94.923,1,0.92167
0.1,100,1,10000,100,94.923,1,0.92162
0.1,100,1,10000,1000,94.923,1,0.91969
0.1,100,1,10000,10000,94.923,1,0.9214
0.1,100,10,1,1,94.923,1,0.81908
0.1,100,10,1,10,94.923,1,0.85734
0.1,100,10,1,100,94.923,1,0.89
0.1,100,10,1,1000,94.923,1,0.90691
0.1,100,10,1,10000,94.923,1,0.92299
0.1,100,10,10,1,94.923,1,0.85306
0.1,100,10,10,10,94.923,1,0.87265
0.1,100,10,10,100,94.923,1,0.9001
0.1,100,10,10,1000,94.923,1,0.91097
0.1,100,10,10,10000,94.923,1,0.91459
0.1,100,10,100,1,94.923,1,0.87436
0.1,100,10,100,10,94.923,1,0.89241
0.1,100,10,100,100,94.923,1,0.89867
0.1,100,10,100,1000,94.923,1,0.92057
0.1,100,10,100,10000,94.923,1,0.91591
0.1,100,10,1000,1,94.923,1,0.89472
0.1,100,10,1000,10,94.923,1,0.92249
0.1,100,10,1000,100,94.923,1,0.89829
0.1,100,10,1000,1000,94.923,1,0.91333
0.1,100,10,1000,10000,94.923,1,0.91997
0.1,100,10,10000,1,94.923,1,0.87611
0.1,100,10,10000,10,94.923,1,0.91959
0.1,100,10,10000,100,94.923,1,0.91843
0.1,100,10,10000,1000,94.923,1,0.91969
0.1,100,10,10000,10000,94.923,1,0.91871
0.1,100,100,1,1,94.923,0.99802,0.8906
0.1,100,100,1,10,94.923,0.90217,0.88901
0.1,100,100,1,100,94.923,0.88142,0.88182
0.1,100,100,1,1000,94.923,0.87846,0.88198
0.1,100,100,1,10000,94.923,1,0.85624
0.1,100,100,10,1,94.923,0.99457,0.89686
0.1,100,100,10,10,94.923,0.89921,0.88451
0.1,100,100,10,100,94.923,0.88142,0.8822
0.1,100,100,10,1000,94.923,1,0.8468
0.1,100,100,10,10000,94.923,1,0.93534
0.1,100,100,100,1,94.923,0.99802,0.8911
0.1,100,100,100,10,94.923,0.90662,0.88308
0.1,100,100,100,100,94.923,1,0.84246
0.1,100,100,100,1000,94.923,1,0.92134
0.1,100,100,100,10000,94.923,1,0.92804
0.1,100,100,1000,1,94.923,0.99654,0.89944
0.1,100,100,1000,10,94.923,0.95405,0.89346
0.1,100,100,1000,100,94.923,1,0.91838
0.1,100,100,1000,1000,94.923,1,0.92392
0.1,100,100,1000,10000,94.923,1,0.91838
0.1,100,100,10000,1,94.923,0.99852,0.8967
0.1,100,100,10000,10,94.923,1,0.91069
0.1,100,100,10000,100,94.923,1,0.91289
0.1,100,100,10000,1000,94.923,1,0.91799
0.1,100,100,10000,10000,94.923,1,0.91926
0.1,100,1000,1,1,94.923,0.92589,0.88067
0.1,100,1000,1,10,94.923,0.88142,0.87688
0.1,100,1000,1,100,94.923,0.87994,0.8805
0.1,100,1000,1,1000,94.923,0.83449,0.81864
0.1,100,1000,1,10000,94.923,0.87401,0.87232
0.1,100,1000,10,1,94.923,0.91601,0.87523
0.1,100,1000,10,10,94.923,0.87747,0.87051
0.1,100,1000,10,100,94.923,0.87549,0.87178
0.1,100,1000,10,1000,94.923,0.86808,0.87518
0.1,100,1000,10,10000,94.923,0.87747,0.88127
0.1,100,1000,100,1,94.923,0.91403,0.87759
0.1,100,1000,100,10,94.923,0.88241,0.87178
0.1,100,1000,100,100,94.923,0.87302,0.87529
0.1,100,1000,100,1000,94.923,0.88043,0.88275
0.1,100,1000,100,10000,94.923,0.87747,0.8799
0.1,100,1000,1000,1,94.923,0.92935,0.88407
0.1,100,1000,1000,10,94.923,0.88538,0.87479
0.1,100,1000,1000,100,94.923,0.88587,0.88758
0.1,100,1000,1000,1000,94.923,0.87648,0.87869
0.1,100,1000,1000,10000,94.923,0.87698,0.88078
0.1,100,1000,10000,1,94.923,0.92688,0.88758
0.1,100,1000,10000,10,94.923,0.90613,0.89055
0.1,100,1000,10000,100,94.923,0.88735,0.87995
0.1,100,1000,10000,1000,94.923,0.875,0.87743
0.1,100,1000,10000,10000,94.923,0.81225,0.80871
0.1,100,10000,1,1,94.923,0.89575,0.88791
0.1,100,10000,1,10,94.923,0.88538,0.88039
0.1,100,10000,1,100,94.923,0.84684,0.78856
0.1,100,10000,1,1000,94.923,0.85721,0.86041
0.1,100,10000,1,10000,94.923,0.87204,0.87507
0.1,100,10000,10,1,94.923,0.89279,0.88627
0.1,100,10000,10,10,94.923,0.87204,0.87419
0.1,100,10000,10,100,94.923,0.86611,0.87029
0.1,100,10000,10,1000,94.923,0.8587,0.86343
0.1,100,10000,10,10000,94.923,0.84338,0.84279
0.1,100,10000,100,1,94.923,0.89032,0.88072
0.1,100,10000,100,10,94.923,0.88241,0.88253
0.1,100,10000,100,100,94.923,0.76976,0.76512
0.1,100,10000,100,1000,94.923,0.875,0.87902
0.1,100,10000,100,10000,94.923,0.86462,0.87326
0.1,100,10000,1000,1,94.923,0.89526,0.88725
0.1,100,10000,1000,10,94.923,0.87401,0.87946
0.1,100,10000,1000,100,94.923,0.85277,0.85459
0.1,100,10000,1000,1000,94.923,0.87451,0.87633
0.1,100,10000,1000,10000,94.923,0.88093,0.88391
0.1,100,10000,10000,1,94.923,0.89921,0.8917
0.1,100,10000,10000,10,94.923,0.86957,0.87501
0.1,100,10000,10000,100,94.923,0.83202,0.83725
0.1,100,10000,10000,1000,94.923,0.88093,0.8838
0.1,100,10000,10000,10000,94.923,0.88291,0.8855
0.1,1000,1,1,1,94.923,1,0.88402
0.1,1000,1,1,10,94.923,1,0.91777
0.1,1000,1,1,100,94.923,1,0.9097
0.1,1000,1,1,1000,94.923,1,0.91294
0.1,1000,1,1,10000,94.923,1,0.87995
0.1,1000,1,10,1,94.923,1,0.91064
0.1,1000,1,10,10,94.923,1,0.91239
0.1,1000,1,10,100,94.923,1,0.91415
0.1,1000,1,10,1000,94.923,1,0.90916
0.1,1000,1,10,10000,94.923,1,0.91475
0.1,1000,1,100,1,94.923,1,0.9259
0.1,1000,1,100,10,94.923,1,0.91893
0.1,1000,1,100,100,94.923,1,0.91305
0.1,1000,1,100,1000,94.923,1,0.92458
0.1,1000,1,100,10000,94.923,1,0.91602
0.1,1000,1,1000,1,94.923,1,0.91969
0.1,1000,1,1000,10,94.923,1,0.92222
0.1,1000,1,1000,100,94.923,1,0.92008
0.1,1000,1,1000,1000,94.923,1,0.91948
0.1,1000,1,1000,10000,94.923,1,0.92085
0.1,1000,1,10000,1,94.923,1,0.9214
0.1,1000,1,10000,10,94.923,1,0.92167
0.1,1000,1,10000,100,94.923,1,0.92156
0.1,1000,1,10000,1000,94.923,1,0.922
0.1,1000,1,10000,10000,94.923,1,0.92167
0.1,1000,10,1,1,94.923,1,0.82045
0.1,1000,10,1,10,94.923,1,0.80558
0.1,1000,10,1,100,94.923,1,0.88319
0.1,1000,10,1,1000,94.923,1,0.91657
0.1,1000,10,1,10000,94.923,1,0.91662
0.1,1000,10,10,1,94.923,1,0.81447
0.1,1000,10,10,10,94.923,1,0.8446
0.1,1000,10,10,100,94.923,1,0.93023
0.1,1000,10,10,1000,94.923,1,0.93012
0.1,1000,10,10,10000,94.923,1,0.91152
0.1,1000,10,100,1,94.923,1,0.85635
0.1,1000,10,100,10,94.923,1,0.92458
0.1,1000,10,100,100,94.923,1,0.91937
0.1,1000,10,100,1000,94.923,1,0.91805
0.1,1000,10,100,10000,94.923,1,0.91832
0.1,1000,10,1000,1,94.923,1,0.93671
0.1,1000,10,1000,10,94.923,1,0.92546
0.1,1000,10,1000,100,94.923,1,0.9147
0.1,1000,10,1000,1000,94.923,1,0.92227
0.1,1000,10,1000,10000,94.923,1,0.91541
0.1,1000,10,10000,1,94.923,1,0.91827
0.1,1000,10,10000,10,94.923,1,0.91887
0.1,1000,10,10000,100,94.923,1,0.92238
0.1,1000,10,10000,1000,94.923,1,0.91986
0.1,1000,10,10000,10000,94.923,1,0.91733
0.1,1000,100,1,1,94.923,0.8913,0.88138
0.1,1000,100,1,10,94.923,0.87895,0.87732
0.1,1000,100,1,100,94.923,1,0.79531
0.1,1000,100,1,1000,94.923,1,0.80871
0.1,1000,100,1,10000,94.923,1,0.85284
0.1,1000,100,10,1,94.923,0.87698,0.87123
0.1,1000,100,10,10,94.923,1,0.81727
0.1,1000,100,10,100,94.923,1,0.8064
0.1,1000,100,10,1000,94.923,1,0.85344
0.1,1000,100,10,10000,94.923,1,0.93627
0.1,1000,100,100,1,94.923,0.8918,0.88418
0.1,1000,100,100,10,94.923,1,0.78664
0.1,1000,100,100,100,94.923,1,0.85761
0.1,1000,100,100,1000,94.923,1,0.93567
0.1,1000,100,100,10000,94.923,1,0.9282
0.1,1000,100,1000,1,94.923,0.90761,0.88555
0.1,1000,100,1000,10,94.923,1,0.84609
0.1,1000,100,1000,100,94.923,1,0.93924
0.1,1000,100,1000,1000,94.923,1,0.92711
0.1,1000,100,1000,10000,94.923,1,0.91898
0.1,1000,100,10000,1,94.923,0.96344,0.89417
0.1,1000,100,10000,10,94.923,1,0.93325
0.1,1000,100,10000,100,94.923,1,0.92732
0.1,1000,100,10000,1000,94.923,1,0.91865
0.1,1000,100,10000,10000,94.923,1,0.91728
0.1,1000,1000,1,1,94.923,0.88043,0.88034
0.1,1000,1000,1,10,94.923,0.86413,0.86777
0.1,1000,1000,1,100,94.923,0.8666,0.87139
0.1,1000,1000,1,1000,94.923,1,0.82572
0.1,1000,1000,1,10000,94.923,1,0.43358
0.1,1000,1000,10,1,94.923,0.87945,0.87973
0.1,1000,1000,10,10,94.923,0.86611,0.86782
0.1,1000,1000,10,100,94.923,0.85721,0.86135
0.1,1000,1000,10,1000,94.923,0.83053,0.83072
0.1,1000,1000,10,10000,94.923,0.88291,0.88627
0.1,1000,1000,100,1,94.923,0.85721,0.8569
0.1,1000,1000,100,10,94.923,0.83943,0.8496
0.1,1000,1000,100,100,94.923,0.87747,0.88149
0.1,1000,1000,100,1000,94.923,0.88241,0.88489
0.1,1000,1000,100,10000,94.923,0.88093,0.88308
0.1,1000,1000,1000,1,94.923,0.88043,0.87655
0.1,1000,1000,1000,10,94.923,0.875,0.8805
0.1,1000,1000,1000,100,94.923,0.87994,0.88281
0.1,1000,1000,1000,1000,94.923,0.87994,0.88242
0.1,1000,1000,1000,10000,94.923,0.86907,0.87611
0.1,1000,1000,10000,1,94.923,0.89377,0.88166
0.1,1000,1000,10000,10,94.923,0.88093,0.88248
0.1,1000,1000,10000,100,94.923,0.88043,0.88281
0.1,1000,1000,10000,1000,94.923,0.87401,0.87776
0.1,1000,1000,10000,10000,94.923,0.80237,0.80667
0.1,1000,10000,1,1,94.923,0.875,0.87485
0.1,1000,10000,1,10,94.923,0.85524,0.85904
0.1,1000,10000,1,100,94.923,0.85326,0.84801
0.1,1000,10000,1,1000,94.923,0.83597,0.83977
0.1,1000,10000,1,10000,94.923,0.8913,0.8833
0.1,1000,10000,10,1,94.923,0.86462,0.86694
0.1,1000,10000,10,10,94.923,0.83251,0.84872
0.1,1000,10000,10,100,94.923,0.86067,0.87051
0.1,1000,10000,10,1000,94.923,0.85919,0.86338
0.1,1000,10000,10,10000,94.923,0.86759,0.8737
0.1,1000,10000,100,1,94.923,0.83745,0.8423
0.1,1000,10000,100,10,94.923,0.83053,0.83686
0.1,1000,10000,100,100,94.923,0.85771,0.85849
0.1,1000,10000,100,1000,94.923,0.87204,0.87304
0.1,1000,10000,100,10000,94.923,0.88043,0.88577
0.1,1000,10000,1000,1,94.923,0.87994,0.87655
0.1,1000,10000,1000,10,94.923,0.87549,0.87693
0.1,1000,10000,1000,100,94.923,0.78261,0.78905
0.1,1000,10000,1000,1000,94.923,0.86117,0.87134
0.1,1000,10000,1000,10000,94.923,0.88389,0.88654
0.1,1000,10000,10000,1,94.923,0.87302,0.87512
0.1,1000,10000,10000,10,94.923,0.88982,0.88478
0.1,1000,10000,10000,100,94.923,0.85425,0.86332
0.1,1000,10000,10000,1000,94.923,0.87648,0.88045
0.1,1000,10000,10000,10000,94.923,0.87648,0.88045
0.1,10000,1,1,1,94.923,1,0.85421
0.1,10000,1,1,10,94.923,1,0.92096
0.1,10000,1,1,100,94.923,1,0.92656
0.1,10000,1,1,1000,94.923,1,0.91887
0.1,10000,1,1,10000,94.923,1,0.91882
0.1,10000,1,10,1,94.923,1,0.91991
0.1,10000,1,10,10,94.923,1,0.92595
0.1,10000,1,10,100,94.923,1,0.91937
0.1,10000,1,10,1000,94.923,1,0.91744
0.1,10000,1,10,10000,94.923,1,0.9186
0.1,10000,1,100,1,94.923,1,0.92853
0.1,10000,1,100,10,94.923,1,0.92085
0.1,10000,1,100,100,94.923,1,0.92189
0.1,10000,1,100,1000,94.923,1,0.92085
0.1,10000,1,100,10000,94.923,1,0.91915
0.1,10000,1,1000,1,94.923,1,0.92211
0.1,10000,1,1000,10,94.923,1,0.92211
0.1,10000,1,1000,100,94.923,1,0.92134
0.1,10000,1,1000,1000,94.923,1,0.92189
0.1,10000,1,1000,10000,94.923,1,0.92013
0.1,10000,1,10000,1,94.923,1,0.92189
0.1,10000,1,10000,10,94.923,1,0.92156
0.1,10000,1,10000,100,94.923,1,0.92173
0.1,10000,1,10000,1000,94.923,1,0.92145
0.1,10000,1,10000,10000,94.923,1,0.92189
0.1,10000,10,1,1,94.923,1,0.80651
0.1,10000,10,1,10,94.923,1,0.7991
0.1,10000,10,1,100,94.923,1,0.85037
0.1,10000,10,1,1000,94.923,1,0.93347
0.1,10000,10,1,10000,94.923,1,0.927
0.1,10000,10,10,1,94.923,1,0.80788
0.1,10000,10,10,10,94.923,1,0.85789
0.1,10000,10,10,100,94.923,1,0.92721
0.1,10000,10,10,1000,94.923,1,0.92776
0.1,10000,10,10,10000,94.923,1,0.91827
0.1,10000,10,100,1,94.923,1,0.85739
0.1,10000,10,100,10,94.923,1,0.93331
0.1,10000,10,100,100,94.923,1,0.92782
0.1,10000,10,100,1000,94.923,1,0.92156
0.1,10000,10,100,10000,94.923,1,0.92145
0.1,10000,10,1000,1,94.923,1,0.93578
0.1,10000,10,1000,10,94.923,1,0.92705
0.1,10000,10,1000,100,94.923,1,0.92184
0.1,10000,10,1000,1000,94.923,1,0.92162
0.1,10000,10,1000,10000,94.923,1,0.92151
0.1,10000,10,10000,1,94.923,1,0.92656
0.1,10000,10,10000,10,94.923,1,0.92096
0.1,10000,10,10000,100,94.923,1,0.9214
0.1,10000,10,10000,1000,94.923,1,0.92074
0.1,10000,10,10000,10000,94.923,1,0.92123
0.1,10000,100,1,1,94.923,1,0.81546
0.1,10000,100,1,10,94.923,1,0.81008
0.1,10000,100,1,100,94.923,0.86166,0.86892
0.1,10000,100,1,1000,94.923,0.87994,0.88363
0.1,10000,100,1,10000,94.923,1,0.85855
0.1,10000,100,10,1,94.923,1,0.80635
0.1,10000,100,10,10,94.923,1,0.80047
0.1,10000,100,10,100,94.923,0.87796,0.88193
0.1,10000,100,10,1000,94.923,0.88241,0.88912
0.1,10000,100,10,10000,94.923,1,0.93797
0.1,10000,100,100,1,94.923,1,0.79795
0.1,10000,100,100,10,94.923,1,0.80799
0.1,10000,100,100,100,94.923,1,0.85207
0.1,10000,100,100,1000,94.923,1,0.93611
0.1,10000,100,100,10000,94.923,1,0.92776
0.1,10000,100,1000,1,94.923,1,0.81694
0.1,10000,100,1000,10,94.923,0.87549,0.87869
0.1,10000,100,1000,100,94.923,0.86166,0.86689
0.1,10000,100,1000,1000,94.923,1,0.92749
0.1,10000,100,1000,10000,94.923,1,0.92151
0.1,10000,100,10000,1,94.923,0.88834,0.88105
0.1,10000,100,10000,10,94.923,1,0.93589
0.1,10000,100,10000,100,94.923,1,0.92787
0.1,10000,100,10000,1000,94.923,1,0.92145
0.1,10000,100,10000,10000,94.923,1,0.92162
0.1,10000,1000,1,1,94.923,0.87451,0.8771
0.1,10000,1000,1,10,94.923,0.85573,0.85575
0.1,10000,1000,1,100,94.923,0.83449,0.8412
0.1,10000,1000,1,1000,94.923,1,0.84482
0.1,10000,1000,1,10000,94.923,0.87401,0.87864
0.1,10000,1000,10,1,94.923,0.87055,0.87304
0.1,10000,1000,10,10,94.923,0.86611,0.86596
0.1,10000,1000,10,100,94.923,1,0.82023
0.1,10000,1000,10,1000,94.923,0.86215,0.86563
0.1,10000,1000,10,10000,94.923,0.87796,0.88248
0.1,10000,1000,100,1,94.923,0.87698,0.87216
0.1,10000,1000,100,10,94.923,0.87747,0.87814
0.1,10000,1000,100,100,94.923,0.87154,0.87084
0.1,10000,1000,100,1000,94.923,0.87698,0.88061
0.1,10000,1000,100,10000,94.923,0.87846,0.87935
0.1,10000,1000,1000,1,94.923,0.86117,0.86607
0.1,10000,1000,1000,10,94.923,0.87055,0.87683
0.1,10000,1000,1000,100,94.923,0.87895,0.8822
0.1,10000,1000,1000,1000,94.923,0.87698,0.87891
0.1,10000,1000,1000,10000,94.923,0.87549,0.8788
0.1,10000,1000,10000,1,94.923,0.86413,0.87243
0.1,10000,1000,10000,10,94.923,0.87698,0.88264
0.1,10000,1000,10000,100,94.923,0.87846,0.88226
0.1,10000,1000,10000,1000,94.923,0.87549,0.87957
0.1,10000,1000,10000,10000,94.923,0.80188,0.80629
0.1,10000,10000,1,1,94.923,0.86512,0.86859
0.1,10000,10000,1,10,94.923,0.86611,0.87337
0.1,10000,10000,1,100,94.923,0.88834,0.85536
0.1,10000,10000,1,1000,94.923,0.83399,0.84707
0.1,10000,10000,1,10000,94.923,0.85375,0.85097
0.1,10000,10000,10,1,94.923,0.87204,0.87298
0.1,10000,10000,10,10,94.923,0.83794,0.84367
0.1,10000,10000,10,100,94.923,0.86117,0.87046
0.1,10000,10000,10,1000,94.923,0.85919,0.86288
0.1,10000,10000,10,10000,94.923,0.73617,0.73438
0.1,10000,10000,100,1,94.923,0.87352,0.87765
0.1,10000,10000,100,10,94.923,0.87105,0.87342
0.1,10000,10000,100,100,94.923,0.87204,0.87243
0.1,10000,10000,100,1000,94.923,0.77866,0.77917
0.1,10000,10000,100,10000,94.923,0.87648,0.87891
0.1,10000,10000,1000,1,94.923,0.87549,0.8799
0.1,10000,10000,1000,10,94.923,0.86117,0.86189
0.1,10000,10000,1000,100,94.923,0.86364,0.87178
0.1,10000,10000,1000,1000,94.923,0.87549,0.88039
0.1,10000,10000,1000,10000,94.923,0.88192,0.88473
0.1,10000,10000,10000,1,94.923,0.87747,0.88012
0.1,10000,10000,10000,10,94.923,0.87006,0.87655
0.1,10000,10000,10000,100,94.923,0.84684,0.85652
0.1,10000,10000,10000,1000,94.923,0.87945,0.88292
0.1,10000,10000,10000,10000,94.923,0.87846,0.88226
0.5,1,1,1,1,96.502,1,0.89734
0.5,1,1,1,10,96.502,1,0.92204
0.5,1,1,1,100,96.502,1,0.92244
0.5,1,1,1,1000,96.502,1,0.9253
0.5,1,1,1,10000,96.502,1,0.92412
0.5,1,1,10,1,96.502,1,0.91394
0.5,1,1,10,10,96.502,1,0.9256
0.5,1,1,10,100,96.502,1,0.92422
0.5,1,1,10,1000,96.502,1,0.92372
0.5,1,1,10,10000,96.502,1,0.91957
0.5,1,1,100,1,96.502,1,0.92264
0.5,1,1,100,10,96.502,1,0.92362
0.5,1,1,100,100,96.502,1,0.92303
0.5,1,1,100,1000,96.502,1,0.91631
0.5,1,1,100,10000,96.502,1,0.92412
0.5,1,1,1000,1,96.502,1,0.9255
0.5,1,1,1000,10,96.502,1,0.92402
0.5,1,1,1000,100,96.502,1,0.92343
0.5,1,1,1000,1000,96.502,1,0.926
0.5,1,1,1000,10000,96.502,1,0.92372
0.5,1,1,10000,1,96.502,1,0.91434
0.5,1,1,10000,10,96.502,1,0.92283
0.5,1,1,10000,100,96.502,1,0.92481
0.5,1,1,10000,1000,96.502,1,0.92521
0.5,1,1,10000,10000,96.502,1,0.92451
0.5,1,10,1,1,96.502,1,0.93133
0.5,1,10,1,10,96.502,1,0.91957
0.5,1,10,1,100,96.502,1,0.92688
0.5,1,10,1,1000,96.502,1,0.9253
0.5,1,10,1,10000,96.502,1,0.91967
0.5,1,10,10,1,96.502,1,0.93558
0.5,1,10,10,10,96.502,1,0.92096
0.5,1,10,10,100,96.502,1,0.91908
0.5,1,10,10,1000,96.502,1,0.92066
0.5,1,10,10,10000,96.502,1,0.92175
0.5,1,10,100,1,96.502,1,0.92333
0.5,1,10,100,10,96.502,1,0.92115
0.5,1,10,100,100,96.502,1,0.92086
0.5,1,10,100,1000,96.502,1,0.92758
0.5,1,10,100,10000,96.502,1,0.92639
0.5,1,10,1000,1,96.502,1,0.92145
0.5,1,10,1000,10,96.502,1,0.92076
0.5,1,10,1000,100,96.502,1,0.92293
0.5,1,10,1000,1000,96.502,1,0.92204
0.5,1,10,1000,10000,96.502,1,0.92155
0.5,1,10,10000,1,96.502,1,0.90851
0.5,1,10,10000,10,96.502,1,0.92234
0.5,1,10,10000,100,96.502,1,0.92343
0.5,1,10,10000,1000,96.502,1,0.9259
0.5,1,10,10000,10000,96.502,1,0.91947
0.5,1,100,1,1,96.502,1,0.92036
0.5,1,100,1,10,96.502,1,0.91681
0.5,1,100,1,100,96.502,1,0.91681
0.5,1,100,1,1000,96.502,1,0.9172
0.5,1,100,1,10000,96.502,1,0.92451
0.5,1,100,10,1,96.502,1,0.9171
0.5,1,100,10,10,96.502,1,0.92521
0.5,1,100,10,100,96.502,1,0.91572
0.5,1,100,10,1000,96.502,1,0.93103
0.5,1,100,10,10000,96.502,1,0.91987
0.5,1,100,100,1,96.502,1,0.9174
0.5,1,100,100,10,96.502,1,0.92412
0.5,1,100,100,100,96.502,1,0.9339
0.5,1,100,100,1000,96.502,1,0.92827
0.5,1,100,100,10000,96.502,1,0.92639
0.5,1,100,1000,1,96.502,1,0.91859
0.5,1,100,1000,10,96.502,1,0.93489
0.5,1,100,1000,100,96.502,1,0.91394
0.5,1,100,1000,1000,96.502,1,0.91898
0.5,1,100,1000,10000,96.502,1,0.92313
0.5,1,100,10000,1,96.502,1,0.9175
0.5,1,100,10000,10,96.502,1,0.93489
0.5,1,100,10000,100,96.502,1,0.92323
0.5,1,100,10000,1000,96.502,1,0.92323
0.5,1,100,10000,10000,96.502,1,0.92026
0.5,1,1000,1,1,96.502,0.99852,0.89201
0.5,1,1000,1,10,96.502,0.99298,0.89714
0.5,1,1000,1,100,96.502,0.97313,0.9088
0.5,1,1000,1,1000,96.502,0.95109,0.90307
0.5,1,1000,1,10000,96.502,0.934,0.8839
0.5,1,1000,10,1,96.502,0.99822,0.87887
0.5,1,1000,10,10,96.502,0.99131,0.89112
0.5,1,1000,10,100,96.502,0.9753,0.90702
0.5,1,1000,10,1000,96.502,0.95139,0.90426
0.5,1,1000,10,10000,96.502,0.90732,0.89339
0.5,1,1000,100,1,96.502,0.99773,0.88568
0.5,1,1000,100,10,96.502,0.99091,0.89596
0.5,1,1000,100,100,96.502,0.97658,0.90772
0.5,1,1000,100,1000,96.502,0.95149,0.90139
0.5,1,1000,100,10000,96.502,0.92432,0.89171
0.5,1,1000,1000,1,96.502,0.99921,0.87946
0.5,1,1000,1000,10,96.502,0.99476,0.89586
0.5,1,1000,1000,100,96.502,0.98389,0.9009
0.5,1,1000,1000,1000,96.502,0.96947,0.90999
0.5,1,1000,1000,10000,96.502,0.97154,0.91177
0.5,1,1000,10000,1,96.502,0.99891,0.88558
0.5,1,1000,10000,10,96.502,0.99536,0.89408
0.5,1,1000,10000,100,96.502,0.99081,0.90347
0.5,1,1000,10000,1000,96.502,0.99318,0.91582
0.5,1,1000,10000,10000,96.502,1,0.91631
0.5,1,10000,1,1,96.502,0.92738,0.89517
0.5,1,10000,1,10,96.502,0.91987,0.88914
0.5,1,10000,1,100,96.502,0.91078,0.89319
0.5,1,10000,1,1000,96.502,0.89863,0.88756
0.5,1,10000,1,10000,96.502,0.89122,0.88499
0.5,1,10000,10,1,96.502,0.9257,0.88262
0.5,1,10000,10,10,96.502,0.91532,0.88578
0.5,1,10000,10,100,96.502,0.91285,0.89181
0.5,1,10000,10,1000,96.502,0.89981,0.88825
0.5,1,10000,10,10000,96.502,0.91868,0.89349
0.5,1,10000,100,1,96.502,0.92748,0.89635
0.5,1,10000,100,10,96.502,0.91947,0.88875
0.5,1,10000,100,100,96.502,0.90989,0.88766
0.5,1,10000,100,1000,96.502,0.90525,0.89191
0.5,1,10000,100,10000,96.502,0.87679,0.87541
0.5,1,10000,1000,1,96.502,0.92165,0.88608
0.5,1,10000,1000,10,96.502,0.92076,0.88914
0.5,1,10000,1000,100,96.502,0.91483,0.8923
0.5,1,10000,1000,1000,96.502,0.89793,0.88736
0.5,1,10000,1000,10000,96.502,0.88983,0.88519
0.5,1,10000,10000,1,96.502,0.92718,0.88726
0.5,1,10000,10000,10,96.502,0.92096,0.89655
0.5,1,10000,10000,100,96.502,0.91384,0.89181
0.5,1,10000,10000,1000,96.502,0.90465,0.89023
0.5,1,10000,10000,10000,96.502,0.89793,0.88746
0.5,10,1,1,1,96.502,1,0.89487
0.5,10,1,1,10,96.502,1,0.91977
0.5,10,1,1,100,96.502,1,0.92343
0.5,10,1,1,1000,96.502,1,0.92521
0.5,10,1,1,10000,96.502,1,0.92333
0.5,10,1,10,1,96.502,1,0.9089
0.5,10,1,10,10,96.502,1,0.92125
0.5,10,1,10,100,96.502,1,0.92224
0.5,10,1,10,1000,96.502,1,0.92669
0.5,10,1,10,10000,96.502,1,0.926
0.5,10,1,100,1,96.502,1,0.92046
0.5,10,1,100,10,96.502,1,0.92293
0.5,10,1,100,100,96.502,1,0.92125
0.5,10,1,100,1000,96.502,1,0.91997
0.5,10,1,100,10000,96.502,1,0.9255
0.5,10,1,1000,1,96.502,1,0.91859
0.5,10,1,1000,10,96.502,1,0.92402
0.5,10,1,1000,100,96.502,1,0.9258
0.5,10,1,1000,1000,96.502,1,0.92501
0.5,10,1,1000,10000,96.502,1,0.92471
0.5,10,1,10000,1,96.502,1,0.92501
0.5,10,1,10000,10,96.502,1,0.92441
0.5,10,1,10000,100,96.502,1,0.92461
0.5,10,1,10000,1000,96.502,1,0.92382
0.5,10,1,10000,10000,96.502,1,0.92343
0.5,10,10,1,1,96.502,1,0.9342
0.5,10,10,1,10,96.502,1,0.91947
0.5,10,10,1,100,96.502,1,0.92135
0.5,10,10,1,1000,96.502,1,0.91236
0.5,10,10,1,10000,96.502,1,0.92353
0.5,10,10,10,1,96.502,1,0.92886
0.5,10,10,10,10,96.502,1,0.91829
0.5,10,10,10,100,96.502,1,0.9253
0.5,10,10,10,1000,96.502,1,0.92372
0.5,10,10,10,10000,96.502,1,0.92175
0.5,10,10,100,1,96.502,1,0.9255
0.5,10,10,100,10,96.502,1,0.92115
0.5,10,10,100,100,96.502,1,0.91918
0.5,10,10,100,1000,96.502,1,0.92392
0.5,10,10,100,10000,96.502,1,0.92441
0.5,10,10,1000,1,96.502,1,0.93281
0.5,10,10,1000,10,96.502,1,0.92264
0.5,10,10,1000,100,96.502,1,0.92441
0.5,10,10,1000,1000,96.502,1,0.92323
0.5,10,10,1000,10000,96.502,1,0.92353
0.5,10,10,10000,1,96.502,1,0.89774
0.5,10,10,10000,10,96.502,1,0.92362
0.5,10,10,10000,100,96.502,1,0.92343
0.5,10,10,10000,1000,96.502,1,0.92244
0.5,10,10,10000,10000,96.502,1,0.92343
0.5,10,100,1,1,96.502,1,0.9173
0.5,10,100,1,10,96.502,1,0.92807
0.5,10,100,1,100,96.502,1,0.88163
0.5,10,100,1,1000,96.502,1,0.91868
0.5,10,100,1,10000,96.502,1,0.92797
0.5,10,100,10,1,96.502,1,0.92491
0.5,10,100,10,10,96.502,1,0.92975
0.5,10,100,10,100,96.502,1,0.917
0.5,10,100,10,1000,96.502,1,0.91582
0.5,10,100,10,10000,96.502,1,0.90307
0.5,10,100,100,1,96.502,1,0.92244
0.5,10,100,100,10,96.502,1,0.93123
0.5,10,100,100,100,96.502,1,0.92916
0.5,10,100,100,1000,96.502,1,0.92501
0.5,10,100,100,10000,96.502,1,0.89408
0.5,10,100,1000,1,96.502,1,0.92343
0.5,10,100,1000,10,96.502,1,0.93133
0.5,10,100,1000,100,96.502,1,0.93202
0.5,10,100,1000,1000,96.502,1,0.92214
0.5,10,100,1000,10000,96.502,1,0.92273
0.5,10,100,10000,1,96.502,1,0.92026
0.5,10,100,10000,10,96.502,1,0.92866
0.5,10,100,10000,100,96.502,1,0.92125
0.5,10,100,10000,1000,96.502,1,0.92076
0.5,10,100,10000,10000,96.502,1,0.92303
0.5,10,1000,1,1,96.502,0.992,0.89299
0.5,10,1000,1,10,96.502,0.97401,0.90554
0.5,10,1000,1,100,96.502,0.94852,0.90327
0.5,10,1000,1,1000,96.502,0.89319,0.88094
0.5,10,1000,1,10000,96.502,0.87096,0.87333
0.5,10,1000,10,1,96.502,0.99091,0.89942
0.5,10,1000,10,10,96.502,0.9754,0.90406
0.5,10,1000,10,100,96.502,0.94279,0.89566
0.5,10,1000,10,1000,96.502,0.89438,0.88005
0.5,10,1000,10,10000,96.502,0.88094,0.87857
0.5,10,1000,100,1,96.502,0.98765,0.89853
0.5,10,1000,100,10,96.502,0.9748,0.90475
0.5,10,1000,100,100,96.502,0.95,0.90367
0.5,10,1000,100,1000,96.502,0.88558,0.87165
0.5,10,1000,100,10000,96.502,0.8839,0.87985
0.5,10,1000,1000,1,96.502,0.99308,0.89438
0.5,10,1000,1000,10,96.502,0.97204,0.90643
0.5,10,1000,1000,100,96.502,0.95554,0.90544
0.5,10,1000,1000,1000,96.502,0.91592,0.88272
0.5,10,1000,1000,10000,96.502,0.89309,0.88015
0.5,10,1000,10000,1,96.502,0.99091,0.90307
0.5,10,1000,10000,10,96.502,0.98034,0.90021
0.5,10,1000,10000,100,96.502,0.97036,0.91009
0.5,10,1000,10000,1000,96.502,0.97006,0.9095
0.5,10,1000,10000,10000,96.502,1,0.91789
0.5,10,10000,1,1,96.502,0.9175,0.88657
0.5,10,10000,1,10,96.502,0.91038,0.89082
0.5,10,10000,1,100,96.502,0.90001,0.88954
0.5,10,10000,1,1000,96.502,0.88539,0.87877
0.5,10,10000,1,10000,96.502,0.90169,0.89339
0.5,10,10000,10,1,96.502,0.92046,0.88964
0.5,10,10000,10,10,96.502,0.91384,0.89467
0.5,10,10000,10,100,96.502,0.89892,0.88707
0.5,10,10000,10,1000,96.502,0.8677,0.86395
0.5,10,10000,10,10000,96.502,0.87896,0.87709
0.5,10,10000,100,1,96.502,0.92145,0.88914
0.5,10,10000,100,10,96.502,0.90959,0.88954
0.5,10,10000,100,100,96.502,0.89309,0.8839
0.5,10,10000,100,1000,96.502,0.87709,0.87412
0.5,10,10000,100,10000,96.502,0.88035,0.88005
0.5,10,10000,1000,1,96.502,0.91947,0.88736
0.5,10,10000,1000,10,96.502,0.91147,0.89546
0.5,10,10000,1000,100,96.502,0.89971,0.89379
0.5,10,10000,1000,1000,96.502,0.8839,0.87995
0.5,10,10000,1000,10000,96.502,0.88321,0.88302
0.5,10,10000,10000,1,96.502,0.91503,0.88924
0.5,10,10000,10000,10,96.502,0.91414,0.89961
0.5,10,10000,10000,100,96.502,0.89981,0.88884
0.5,10,10000,10000,1000,96.502,0.89112,0.88786
0.5,10,10000,10000,10000,96.502,0.88914,0.88697
0.5,100,1,1,1,96.502,1,0.91997
0.5,100,1,1,10,96.502,1,0.92323
0.5,100,1,1,100,96.502,1,0.92392
0.5,100,1,1,1000,96.502,1,0.92787
0.5,100,1,1,10000,96.502,1,0.91345
0.5,100,1,10,1,96.502,1,0.91829
0.5,100,1,10,10,96.502,1,0.92629
0.5,100,1,10,100,96.502,1,0.92629
0.5,100,1,10,1000,96.502,1,0.92224
0.5,100,1,10,10000,96.502,1,0.92175
0.5,100,1,100,1,96.502,1,0.92283
0.5,100,1,100,10,96.502,1,0.92333
0.5,100,1,100,100,96.502,1,0.91928
0.5,100,1,100,1000,96.502,1,0.91779
0.5,100,1,100,10000,96.502,1,0.92511
0.5,100,1,1000,1,96.502,1,0.92333
0.5,100,1,1000,10,96.502,1,0.92402
0.5,100,1,1000,100,96.502,1,0.92511
0.5,100,1,1000,1000,96.502,1,0.92362
0.5,100,1,1000,10000,96.502,1,0.92412
0.5,100,1,10000,1,96.502,1,0.92392
0.5,100,1,10000,10,96.502,1,0.92412
0.5,100,1,10000,100,96.502,1,0.92353
0.5,100,1,10000,1000,96.502,1,0.92392
0.5,100,1,10000,10000,96.502,1,0.92501
0.5,100,10,1,1,96.502,1,0.91542
0.5,100,10,1,10,96.502,1,0.89991
0.5,100,10,1,100,96.502,1,0.92155
0.5,100,10,1,1000,96.502,1,0.92086
0.5,100,10,1,10000,96.502,1,0.92441
0.5,100,10,10,1,96.502,1,0.91898
0.5,100,10,10,10,96.502,1,0.92323
0.5,100,10,10,100,96.502,1,0.92155
0.5,100,10,10,1000,96.502,1,0.92461
0.5,100,10,10,10000,96.502,1,0.92224
0.5,100,10,100,1,96.502,1,0.92609
0.5,100,10,100,10,96.502,1,0.92056
0.5,100,10,100,100,96.502,1,0.92086
0.5,100,10,100,1000,96.502,1,0.92353
0.5,100,10,100,10000,96.502,1,0.92511
0.5,100,10,1000,1,96.502,1,0.92283
0.5,100,10,1000,10,96.502,1,0.92036
0.5,100,10,1000,100,96.502,1,0.92303
0.5,100,10,1000,1000,96.502,1,0.92609
0.5,100,10,1000,10000,96.502,1,0.92807
0.5,100,10,10000,1,96.502,1,0.91513
0.5,100,10,10000,10,96.502,1,0.92619
0.5,100,10,10000,100,96.502,1,0.92323
0.5,100,10,10000,1000,96.502,1,0.92214
0.5,100,10,10000,10000,96.502,1,0.92293
0.5,100,100,1,1,96.502,1,0.9341
0.5,100,100,1,10,96.502,1,0.91957
0.5,100,100,1,100,96.502,1,0.90782
0.5,100,100,1,1000,96.502,1,0.91137
0.5,100,100,1,10000,96.502,1,0.92698
0.5,100,100,10,1,96.502,1,0.9171
0.5,100,100,10,10,96.502,1,0.92362
0.5,100,100,10,100,96.502,1,0.9171
0.5,100,100,10,1000,96.502,1,0.90811
0.5,100,100,10,10000,96.502,1,0.90525
0.5,100,100,100,1,96.502,1,0.92422
0.5,100,100,100,10,96.502,1,0.9336
0.5,100,100,100,100,96.502,1,0.9176
0.5,100,100,100,1000,96.502,1,0.9337
0.5,100,100,100,10000,96.502,1,0.92669
0.5,100,100,1000,1,96.502,1,0.92165
0.5,100,100,1000,10,96.502,1,0.93509
0.5,100,100,1000,100,96.502,1,0.91374
0.5,100,100,1000,1000,96.502,1,0.90149
0.5,100,100,1000,10000,96.502,1,0.92135
0.5,100,100,10000,1,96.502,1,0.93133
0.5,100,100,10000,10,96.502,1,0.9343
0.5,100,100,10000,100,96.502,1,0.91246
0.5,100,100,10000,1000,96.502,1,0.92461
0.5,100,100,10000,10000,96.502,1,0.92511
0.5,100,1000,1,1,96.502,0.97154,0.90693
0.5,100,1000,1,10,96.502,0.94684,0.901
0.5,100,1000,1,100,96.502,0.88282,0.87472
0.5,100,1000,1,1000,96.502,0.85861,0.85861
0.5,100,1000,1,10000,96.502,0.868,0.86938
0.5,100,1000,10,1,96.502,0.97283,0.90367
0.5,100,1000,10,10,96.502,0.94665,0.90011
0.5,100,1000,10,100,96.502,0.88726,0.87827
0.5,100,1000,10,1000,96.502,0.8758,0.87442
0.5,100,1000,10,10000,96.502,0.88005,0.87847
0.5,100,1000,100,1,96.502,0.97154,0.90011
0.5,100,1000,100,10,96.502,0.94734,0.90179
0.5,100,1000,100,100,96.502,0.89191,0.88242
0.5,100,1000,100,1000,96.502,0.88479,0.88311
0.5,100,1000,100,10000,96.502,0.87946,0.87946
0.5,100,1000,1000,1,96.502,0.97372,0.90455
0.5,100,1000,1000,10,96.502,0.94714,0.90011
0.5,100,1000,1000,100,96.502,0.89764,0.8845
0.5,100,1000,1000,1000,96.502,0.88153,0.87728
0.5,100,1000,1000,10000,96.502,0.8757,0.8764
0.5,100,1000,10000,1,96.502,0.97401,0.90683
0.5,100,1000,10000,10,96.502,0.95287,0.90416
0.5,100,1000,10000,100,96.502,0.92313,0.88964
0.5,100,1000,10000,1000,96.502,0.89043,0.87758
0.5,100,1000,10000,10000,96.502,0.85486,0.80219
0.5,100,10000,1,1,96.502,0.90782,0.89003
0.5,100,10000,1,10,96.502,0.89734,0.88805
0.5,100,10000,1,100,96.502,0.86681,0.86217
0.5,100,10000,1,1000,96.502,0.88993,0.89062
0.5,100,10000,1,10000,96.502,0.92007,0.90989
0.5,100,10000,10,1,96.502,0.91216,0.89467
0.5,100,10000,10,10,96.502,0.9007,0.89072
0.5,100,10000,10,100,96.502,0.92175,0.91493
0.5,100,10000,10,1000,96.502,0.87748,0.87837
0.5,100,10000,10,10000,96.502,0.85466,0.85001
0.5,100,10000,100,1,96.502,0.90999,0.89052
0.5,100,10000,100,10,96.502,0.89675,0.88924
0.5,100,10000,100,100,96.502,0.88964,0.88637
0.5,100,10000,100,1000,96.502,0.86148,0.86148
0.5,100,10000,100,10000,96.502,0.83302,0.83134
0.5,100,10000,1000,1,96.502,0.91078,0.89339
0.5,100,10000,1000,10,96.502,0.90623,0.89477
0.5,100,10000,1000,100,96.502,0.88598,0.88361
0.5,100,10000,1000,1000,96.502,0.88055,0.88213
0.5,100,10000,1000,10000,96.502,0.87877,0.87758
0.5,100,10000,10000,1,96.502,0.90979,0.89092
0.5,100,10000,10000,10,96.502,0.88756,0.87906
0.5,100,10000,10000,100,96.502,0.86434,0.86088
0.5,100,10000,10000,1000,96.502,0.88055,0.87916
0.5,100,10000,10000,10000,96.502,0.88035,0.88005
0.5,1000,1,1,1,96.502,1,0.92066
0.5,1000,1,1,10,96.502,1,0.92165
0.5,1000,1,1,100,96.502,1,0.92076
0.5,1000,1,1,1000,96.502,1,0.91878
0.5,1000,1,1,10000,96.502,1,0.92362
0.5,1000,1,10,1,96.502,1,0.91552
0.5,1000,1,10,10,96.502,1,0.9253
0.5,1000,1,10,100,96.502,1,0.917
0.5,1000,1,10,1000,96.502,1,0.92916
0.5,1000,1,10,10000,96.502,1,0.92273
0.5,1000,1,100,1,96.502,1,0.90535
0.5,1000,1,100,10,96.502,1,0.926
0.5,1000,1,100,100,96.502,1,0.92155
0.5,1000,1,100,1000,96.502,1,0.9253
0.5,1000,1,100,10000,96.502,1,0.92046
0.5,1000,1,1000,1,96.502,1,0.92194
0.5,1000,1,1000,10,96.502,1,0.92036
0.5,1000,1,1000,100,96.502,1,0.92194
0.5,1000,1,1000,1000,96.502,1,0.92382
0.5,1000,1,1000,10000,96.502,1,0.92718
0.5,1000,1,10000,1,96.502,1,0.92283
0.5,1000,1,10000,10,96.502,1,0.92323
0.5,1000,1,10000,100,96.502,1,0.92441
0.5,1000,1,10000,1000,96.502,1,0.92511
0.5,1000,1,10000,10000,96.502,1,0.92491
0.5,1000,10,1,1,96.502,1,0.88242
0.5,1000,10,1,10,96.502,1,0.9173
0.5,1000,10,1,100,96.502,1,0.91789
0.5,1000,10,1,1000,96.502,1,0.92076
0.5,1000,10,1,10000,96.502,1,0.92432
0.5,1000,10,10,1,96.502,1,0.91631
0.5,1000,10,10,10,96.502,1,0.92145
0.5,1000,10,10,100,96.502,1,0.9253
0.5,1000,10,10,1000,96.502,1,0.91997
0.5,1000,10,10,10000,96.502,1,0.91938
0.5,1000,10,100,1,96.502,1,0.91483
0.5,1000,10,100,10,96.502,1,0.91888
0.5,1000,10,100,100,96.502,1,0.92125
0.5,1000,10,100,1000,96.502,1,0.91908
0.5,1000,10,100,10000,96.502,1,0.92511
0.5,1000,10,1000,1,96.502,1,0.92679
0.5,1000,10,1000,10,96.502,1,0.92264
0.5,1000,10,1000,100,96.502,1,0.92876
0.5,1000,10,1000,1000,96.502,1,0.9257
0.5,1000,10,1000,10000,96.502,1,0.92333
0.5,1000,10,10000,1,96.502,1,0.88756
0.5,1000,10,10000,10,96.502,1,0.91691
0.5,1000,10,10000,100,96.502,1,0.92283
0.5,1000,10,10000,1000,96.502,1,0.92461
0.5,1000,10,10000,10000,96.502,1,0.92234
0.5,1000,100,1,1,96.502,1,0.92728
0.5,1000,100,1,10,96.502,1,0.88746
0.5,1000,100,1,100,96.502,1,0.92343
0.5,1000,100,1,1000,96.502,1,0.91957
0.5,1000,100,1,10000,96.502,1,0.91088
0.5,1000,100,10,1,96.502,1,0.93331
0.5,1000,100,10,10,96.502,1,0.90475
0.5,1000,100,10,100,96.502,1,0.91108
0.5,1000,100,10,1000,96.502,1,0.92669
0.5,1000,100,10,10000,96.502,1,0.93647
0.5,1000,100,100,1,96.502,1,0.92639
0.5,1000,100,100,10,96.502,1,0.91216
0.5,1000,100,100,100,96.502,1,0.92076
0.5,1000,100,100,1000,96.502,1,0.91038
0.5,1000,100,100,10000,96.502,1,0.926
0.5,1000,100,1000,1,96.502,1,0.93331
0.5,1000,100,1000,10,96.502,1,0.9253
0.5,1000,100,1000,100,96.502,1,0.93854
0.5,1000,100,1000,1000,96.502,1,0.91562
0.5,1000,100,1000,10000,96.502,1,0.9174
0.5,1000,100,10000,1,96.502,1,0.92629
0.5,1000,100,10000,10,96.502,1,0.93736
0.5,1000,100,10000,100,96.502,1,0.9173
0.5,1000,100,10000,1000,96.502,1,0.92481
0.5,1000,100,10000,10000,96.502,1,0.92491
0.5,1000,1000,1,1,96.502,0.94467,0.90189
0.5,1000,1000,1,10,96.502,0.89359,0.8846
0.5,1000,1000,1,100,96.502,0.84162,0.84567
0.5,1000,1000,1,1000,96.502,0.87037,0.87155
0.5,1000,1000,1,10000,96.502,0.9997,0.87975
0.5,1000,1000,10,1,96.502,0.94556,0.89912
0.5,1000,1000,10,10,96.502,0.89517,0.88302
0.5,1000,1000,10,100,96.502,0.85515,0.84764
0.5,1000,1000,10,1000,96.502,0.88134,0.87995
0.5,1000,1000,10,10000,96.502,0.88549,0.88519
0.5,1000,1000,100,1,96.502,0.94259,0.89833
0.5,1000,1000,100,10,96.502,0.89329,0.88381
0.5,1000,1000,100,100,96.502,0.86543,0.86493
0.5,1000,1000,100,1000,96.502,0.87205,0.87215
0.5,1000,1000,100,10000,96.502,0.87916,0.87926
0.5,1000,1000,1000,1,96.502,0.94506,0.90129
0.5,1000,1000,1000,10,96.502,0.88539,0.87758
0.5,1000,1000,1000,100,96.502,0.88341,0.88568
0.5,1000,1000,1000,1000,96.502,0.86187,0.85871
0.5,1000,1000,1000,10000,96.502,0.87481,0.87541
0.5,1000,1000,10000,1,96.502,0.94674,0.90199
0.5,1000,1000,10000,10,96.502,0.89833,0.88618
0.5,1000,1000,10000,100,96.502,0.88588,0.88361
0.5,1000,1000,10000,1000,96.502,0.87788,0.87788
0.5,1000,1000,10000,10000,96.502,0.79824,0.79794
0.5,1000,10000,1,1,96.502,0.89695,0.88796
0.5,1000,10000,1,10,96.502,0.89339,0.88964
0.5,1000,10000,1,100,96.502,0.8759,0.8758
0.5,1000,10000,1,1000,96.502,0.88292,0.88499
0.5,1000,10000,1,10000,96.502,0.97757,0.91226
0.5,1000,10000,10,1,96.502,0.89072,0.88025
0.5,1000,10000,10,10,96.502,0.8846,0.88114
0.5,1000,10000,10,100,96.502,0.8349,0.83757
0.5,1000,10000,10,1000,96.502,0.88697,0.88341
0.5,1000,10000,10,10000,96.502,0.92955,0.90801
0.5,1000,10000,100,1,96.502,0.89616,0.88964
0.5,1000,10000,100,10,96.502,0.88074,0.87887
0.5,1000,10000,100,100,96.502,0.86879,0.8676
0.5,1000,10000,100,1000,96.502,0.88084,0.88064
0.5,1000,10000,100,10000,96.502,0.90614,0.89517
0.5,1000,10000,1000,1,96.502,0.89191,0.89141
0.5,1000,10000,1000,10,96.502,0.88074,0.87817
0.5,1000,10000,1000,100,96.502,0.87234,0.87047
0.5,1000,10000,1000,1000,96.502,0.88539,0.88262
0.5,1000,10000,1000,10000,96.502,0.88094,0.88084
0.5,1000,10000,10000,1,96.502,0.89616,0.88697
0.5,1000,10000,10000,10,96.502,0.87165,0.87106
0.5,1000,10000,10000,100,96.502,0.8675,0.86829
0.5,1000,10000,10000,1000,96.502,0.88045,0.87975
0.5,1000,10000,10000,10000,96.502,0.87926,0.87906
0.5,10000,1,1,1,96.502,1,0.91671
0.5,10000,1,1,10,96.502,1,0.91947
0.5,10000,1,1,100,96.502,1,0.91463
0.5,10000,1,1,1000,96.502,1,0.92283
0.5,10000,1,1,10000,96.502,1,0.92125
0.5,10000,1,10,1,96.502,1,0.91167
0.5,10000,1,10,10,96.502,1,0.92441
0.5,10000,1,10,100,96.502,1,0.9255
0.5,10000,1,10,1000,96.502,1,0.92856
0.5,10000,1,10,10000,96.502,1,0.92026
0.5,10000,1,100,1,96.502,1,0.9257
0.5,10000,1,100,10,96.502,1,0.92441
0.5,10000,1,100,100,96.502,1,0.92797
0.5,10000,1,100,1000,96.502,1,0.92481
0.5,10000,1,100,10000,96.502,1,0.92382
0.5,10000,1,1000,1,96.502,1,0.92491
0.5,10000,1,1000,10,96.502,1,0.91523
0.5,10000,1,1000,100,96.502,1,0.92135
0.5,10000,1,1000,1000,96.502,1,0.92619
0.5,10000,1,1000,10000,96.502,1,0.92501
0.5,10000,1,10000,1,96.502,1,0.92392
0.5,10000,1,10000,10,96.502,1,0.92629
0.5,10000,1,10000,100,96.502,1,0.92362
0.5,10000,1,10000,1000,96.502,1,0.92353
0.5,10000,1,10000,10000,96.502,1,0.92343
0.5,10000,10,1,1,96.502,1,0.91266
0.5,10000,10,1,10,96.502,1,0.91493
0.5,10000,10,1,100,96.502,1,0.91108
0.5,10000,10,1,1000,96.502,1,0.91108
0.5,10000,10,1,10000,96.502,1,0.92204
0.5,10000,10,10,1,96.502,1,0.91957
0.5,10000,10,10,10,96.502,1,0.92303
0.5,10000,10,10,100,96.502,1,0.92115
0.5,10000,10,10,1000,96.502,1,0.92698
0.5,10000,10,10,10000,96.502,1,0.92511
0.5,10000,10,100,1,96.502,1,0.92906
0.5,10000,10,100,10,96.502,1,0.92372
0.5,10000,10,100,100,96.502,1,0.92708
0.5,10000,10,100,1000,96.502,1,0.92135
0.5,10000,10,100,10000,96.502,1,0.92096
0.5,10000,10,1000,1,96.502,1,0.93558
0.5,10000,10,1000,10,96.502,1,0.92481
0.5,10000,10,1000,100,96.502,1,0.92392
0.5,10000,10,1000,1000,96.502,1,0.92194
0.5,10000,10,1000,10000,96.502,1,0.92244
0.5,10000,10,10000,1,96.502,1,0.91374
0.5,10000,10,10000,10,96.502,1,0.92619
0.5,10000,10,10000,100,96.502,1,0.9255
0.5,10000,10,10000,1000,96.502,1,0.92185
0.5,10000,10,10000,10000,96.502,1,0.92056
0.5,10000,100,1,1,96.502,1,0.90643
0.5,10000,100,1,10,96.502,1,0.90327
0.5,10000,100,1,100,96.502,1,0.90031
0.5,10000,100,1,1000,96.502,1,0.90386
0.5,10000,100,1,10000,96.502,1,0.91572
0.5,10000,100,10,1,96.502,0.9999,0.9095
0.5,10000,100,10,10,96.502,1,0.90376
0.5,10000,100,10,100,96.502,1,0.90011
0.5,10000,100,10,1000,96.502,1,0.91829
0.5,10000,100,10,10000,96.502,1,0.94269
0.5,10000,100,100,1,96.502,1,0.90623
0.5,10000,100,100,10,96.502,1,0.90376
0.5,10000,100,100,100,96.502,1,0.92135
0.5,10000,100,100,1000,96.502,1,0.94714
0.5,10000,100,100,10000,96.502,1,0.92777
0.5,10000,100,1000,1,96.502,1,0.91592
0.5,10000,100,1000,10,96.502,1,0.92392
0.5,10000,100,1000,100,96.502,1,0.94546
0.5,10000,100,1000,1000,96.502,1,0.91908
0.5,10000,100,1000,10000,96.502,1,0.92402
0.5,10000,100,10000,1,96.502,1,0.92896
0.5,10000,100,10000,10,96.502,1,0.91651
0.5,10000,100,10000,100,96.502,1,0.92955
0.5,10000,100,10000,1000,96.502,1,0.91997
0.5,10000,100,10000,10000,96.502,1,0.9257
0.5,10000,1000,1,1,96.502,0.88776,0.88035
0.5,10000,1000,1,10,96.502,0.81978,0.81869
0.5,10000,1000,1,100,96.502,0.87333,0.87363
0.5,10000,1000,1,1000,96.502,1,0.78826
0.5,10000,1000,1,10000,96.502,0.83529,0.84043
0.5,10000,1000,10,1,96.502,0.88825,0.88292
0.5,10000,1000,10,10,96.502,0.84201,0.84083
0.5,10000,1000,10,100,96.502,1,0.92896
0.5,10000,1000,10,1000,96.502,0.99793,0.86167
0.5,10000,1000,10,10000,96.502,0.88143,0.87887
0.5,10000,1000,100,1,96.502,0.88529,0.88025
0.5,10000,1000,100,10,96.502,0.86118,0.86098
0.5,10000,1000,100,100,96.502,0.89813,0.89695
0.5,10000,1000,100,1000,96.502,0.87106,0.87076
0.5,10000,1000,100,10000,96.502,0.87501,0.87491
0.5,10000,1000,1000,1,96.502,0.87798,0.87402
0.5,10000,1000,1000,10,96.502,0.87748,0.87531
0.5,10000,1000,1000,100,96.502,0.88183,0.88203
0.5,10000,1000,1000,1000,96.502,0.87916,0.87926
0.5,10000,1000,1000,10000,96.502,0.87284,0.87254
0.5,10000,1000,10000,1,96.502,0.88558,0.87827
0.5,10000,1000,10000,10,96.502,0.87808,0.87669
0.5,10000,1000,10000,100,96.502,0.87916,0.87778
0.5,10000,1000,10000,1000,96.502,0.87383,0.87491
0.5,10000,1000,10000,10000,96.502,0.79251,0.79696
0.5,10000,10000,1,1,96.502,0.87778,0.87679
0.5,10000,10000,1,10,96.502,0.88647,0.88351
0.5,10000,10000,1,100,96.502,0.87136,0.87116
0.5,10000,10000,1,1000,96.502,0.88124,0.88015
0.5,10000,10000,1,10000,96.502,1,0.89991
0.5,10000,10000,10,1,96.502,0.88341,0.87847
0.5,10000,10000,10,10,96.502,0.88242,0.88114
0.5,10000,10000,10,100,96.502,0.85189,0.85278
0.5,10000,10000,10,1000,96.502,0.95751,0.91977
0.5,10000,10000,10,10000,96.502,0.95672,0.91345
0.5,10000,10000,100,1,96.502,0.88252,0.87837
0.5,10000,10000,100,10,96.502,0.86948,0.87017
0.5,10000,10000,100,100,96.502,0.87422,0.87215
0.5,10000,10000,100,1000,96.502,0.88657,0.8844
0.5,10000,10000,100,10000,96.502,0.98607,0.89329
0.5,10000,10000,1000,1,96.502,0.88282,0.87946
0.5,10000,10000,1000,10,96.502,0.87205,0.87057
0.5,10000,10000,1000,100,96.502,0.88104,0.87837
0.5,10000,10000,1000,1000,96.502,0.8763,0.87383
0.5,10000,10000,1000,10000,96.502,0.87808,0.87768
0.5,10000,10000,10000,1,96.502,0.88015,0.87669
0.5,10000,10000,10000,10,96.502,0.86968,0.86997
0.5,10000,10000,10000,100,96.502,0.87066,0.86829
0.5,10000,10000,10000,1000,96.502,0.88193,0.88153
0.5,10000,10000,10000,10000,96.502,0.88104,0.88045
0.01,1,1,1,1,89.805,1,0.77954
0.01,1,1,1,10,89.805,1,0.74905
0.01,1,1,1,100,89.805,1,0.82929
0.01,1,1,1,1000,89.805,1,0.82465
0.01,1,1,1,10000,89.805,1,0.81128
0.01,1,1,10,1,89.805,1,0.8494
0.01,1,1,10,10,89.805,1,0.82635
0.01,1,1,10,100,89.805,1,0.8775
0.01,1,1,10,1000,89.805,1,0.85359
0.01,1,1,10,10000,89.805,1,0.7728
0.01,1,1,100,1,89.805,1,0.84755
0.01,1,1,100,10,89.805,1,0.80015
0.01,1,1,100,100,89.805,1,0.88952
0.01,1,1,100,1000,89.805,1,0.88713
0.01,1,1,100,10000,89.805,1,0.89366
0.01,1,1,1000,1,89.805,1,0.85674
0.01,1,1,1000,10,89.805,1,0.88518
0.01,1,1,1000,100,89.805,1,0.88912
0.01,1,1,1000,1000,89.805,1,0.88593
0.01,1,1,1000,10000,89.805,1,0.88548
0.01,1,1,10000,1,89.805,1,0.88752
0.01,1,1,10000,10,89.805,1,0.88817
0.01,1,1,10000,100,89.805,1,0.88797
0.01,1,1,10000,1000,89.805,1,0.88952
0.01,1,1,10000,10000,89.805,1,0.88812
0.01,1,10,1,1,89.805,1,0.69651
0.01,1,10,1,10,89.805,1,0.79566
0.01,1,10,1,100,89.805,1,0.70818
0.01,1,10,1,1000,89.805,1,0.78338
0.01,1,10,1,10000,89.805,1,0.74401
0.01,1,10,10,1,89.805,1,0.81477
0.01,1,10,10,10,89.805,1,0.76931
0.01,1,10,10,100,89.805,1,0.69616
0.01,1,10,10,1000,89.805,1,0.83139
0.01,1,10,10,10000,89.805,1,0.78648
0.01,1,10,100,1,89.805,1,0.78508
0.01,1,10,100,10,89.805,1,0.81722
0.01,1,10,100,100,89.805,1,0.84626
0.01,1,10,100,1000,89.805,1,0.87236
0.01,1,10,100,10000,89.805,1,0.87969
0.01,1,10,1000,1,89.805,1,0.76252
0.01,1,10,1000,10,89.805,1,0.67595
0.01,1,10,1000,100,89.805,1,0.78019
0.01,1,10,1000,1000,89.805,1,0.88962
0.01,1,10,1000,10000,89.805,1,0.88308
0.01,1,10,10000,1,89.805,1,0.78832
0.01,1,10,10000,10,89.805,1,0.87221
0.01,1,10,10000,100,89.805,1,0.88912
0.01,1,10,10000,1000,89.805,1,0.88782
0.01,1,10,10000,10000,89.805,1,0.88398
0.01,1,100,1,1,89.805,1,0.85858
0.01,1,100,1,10,89.805,0.94554,0.77385
0.01,1,100,1,100,89.805,0.89604,0.86811
0.01,1,100,1,1000,89.805,0.89604,0.87091
0.01,1,100,1,10000,89.805,0.89604,0.8739
0.01,1,100,10,1,89.805,1,0.84885
0.01,1,100,10,10,89.805,0.95545,0.84366
0.01,1,100,10,100,89.805,0.90594,0.87146
0.01,1,100,10,1000,89.805,0.90099,0.86871
0.01,1,100,10,10000,89.805,0.90099,0.8741
0.01,1,100,100,1,89.805,0.99505,0.82031
0.01,1,100,100,10,89.805,1,0.87221
0.01,1,100,100,100,89.805,0.9505,0.87355
0.01,1,100,100,1000,89.805,0.91089,0.87126
0.01,1,100,100,10000,89.805,1,0.89326
0.01,1,100,1000,1,89.805,1,0.79636
0.01,1,100,1000,10,89.805,1,0.85464
0.01,1,100,1000,100,89.805,1,0.85524
0.01,1,100,1000,1000,89.805,1,0.86951
0.01,1,100,1000,10000,89.805,1,0.89466
0.01,1,100,10000,1,89.805,1,0.83184
0.01,1,100,10000,10,89.805,1,0.82849
0.01,1,100,10000,100,89.805,1,0.76756
0.01,1,100,10000,1000,89.805,1,0.88348
0.01,1,100,10000,10000,89.805,1,0.89092
0.01,1,1000,1,1,89.805,0.96535,0.8762
0.01,1,1000,1,10,89.805,0.92079,0.85729
0.01,1,1000,1,100,89.805,0.86139,0.82685
0.01,1,1000,1,1000,89.805,0.70792,0.72854
0.01,1,1000,1,10000,89.805,0.87624,0.86163
0.01,1,1000,10,1,89.805,0.95545,0.87101
0.01,1,1000,10,10,89.805,0.92079,0.86108
0.01,1,1000,10,100,89.805,0.81188,0.80614
0.01,1,1000,10,1000,89.805,0.86634,0.84536
0.01,1,1000,10,10000,89.805,0.90099,0.87565
0.01,1,1000,100,1,89.805,0.9604,0.87231
0.01,1,1000,100,10,89.805,0.92574,0.87779
0.01,1,1000,100,100,89.805,0.88119,0.85444
0.01,1,1000,100,1000,89.805,0.90099,0.8737
0.01,1,1000,100,10000,89.805,0.89604,0.8732
0.01,1,1000,1000,1,89.805,0.95545,0.87136
0.01,1,1000,1000,10,89.805,0.93564,0.86208
0.01,1,1000,1000,100,89.805,0.91089,0.86826
0.01,1,1000,1000,1000,89.805,0.90099,0.87325
0.01,1,1000,1000,10000,89.805,0.89109,0.86981
0.01,1,1000,10000,1,89.805,0.96535,0.87455
0.01,1,1000,10000,10,89.805,0.95545,0.87315
0.01,1,1000,10000,100,89.805,0.94059,0.87595
0.01,1,1000,10000,1000,89.805,0.91089,0.86851
0.01,1,1000,10000,10000,89.805,0.89604,0.80339
0.01,1,10000,1,1,89.805,0.93564,0.87325
0.01,1,10000,1,10,89.805,0.91089,0.87545
0.01,1,10000,1,100,89.805,0.86634,0.83263
0.01,1,10000,1,1000,89.805,0.79208,0.79576
0.01,1,10000,1,10000,89.805,0.87624,0.86512
0.01,1,10000,10,1,89.805,0.93069,0.87086
0.01,1,10000,10,10,89.805,0.90099,0.87415
0.01,1,10000,10,100,89.805,0.89109,0.85574
0.01,1,10000,10,1000,89.805,0.67327,0.70758
0.01,1,10000,10,10000,89.805,0.60396,0.61008
0.01,1,10000,100,1,89.805,0.93069,0.87021
0.01,1,10000,100,10,89.805,0.90594,0.8761
0.01,1,10000,100,100,89.805,0.85149,0.82675
0.01,1,10000,100,1000,89.805,0.70297,0.6996
0.01,1,10000,100,10000,89.805,0.85149,0.81931
0.01,1,10000,1000,1,89.805,0.93069,0.8732
0.01,1,10000,1000,10,89.805,0.90594,0.87675
0.01,1,10000,1000,100,89.805,0.87624,0.83079
0.01,1,10000,1000,1000,89.805,0.84158,0.81277
0.01,1,10000,1000,10000,89.805,0.89604,0.86846
0.01,1,10000,10000,1,89.805,0.93069,0.87001
0.01,1,10000,10000,10,89.805,0.90594,0.875
0.01,1,10000,10000,100,89.805,0.90099,0.86447
0.01,1,10000,10000,1000,89.805,0.89604,0.87325
0.01,1,10000,10000,10000,89.805,0.90099,0.8755
0.01,10,1,1,1,89.805,1,0.70763
0.01,10,1,1,10,89.805,1,0.84276
0.01,10,1,1,100,89.805,1,0.8745
0.01,10,1,1,1000,89.805,1,0.81432
0.01,10,1,1,10000,89.805,1,0.86208
0.01,10,1,10,1,89.805,1,0.68239
0.01,10,1,10,10,89.805,1,0.82475
0.01,10,1,10,100,89.805,1,0.88663
0.01,10,1,10,1000,89.805,1,0.85788
0.01,10,1,10,10000,89.805,1,0.86871
0.01,10,1,100,1,89.805,1,0.80684
0.01,10,1,100,10,89.805,1,0.8774
0.01,10,1,100,100,89.805,1,0.88738
0.01,10,1,100,1000,89.805,1,0.89561
0.01,10,1,100,10000,89.805,1,0.88089
0.01,10,1,1000,1,89.805,1,0.86023
0.01,10,1,1000,10,89.805,1,0.88663
0.01,10,1,1000,100,89.805,1,0.88713
0.01,10,1,1000,1000,89.805,1,0.88852
0.01,10,1,1000,10000,89.805,1,0.88782
0.01,10,1,10000,1,89.805,1,0.88713
0.01,10,1,10000,10,89.805,1,0.88792
0.01,10,1,10000,100,89.805,1,0.88748
0.01,10,1,10000,1000,89.805,1,0.88807
0.01,10,1,10000,10000,89.805,1,0.88817
0.01,10,10,1,1,89.805,1,0.75729
0.01,10,10,1,10,89.805,1,0.73069
0.01,10,10,1,100,89.805,1,0.76243
0.01,10,10,1,1000,89.805,1,0.82101
0.01,10,10,1,10000,89.805,1,0.85923
0.01,10,10,10,1,89.805,1,0.75304
0.01,10,10,10,10,89.805,1,0.75534
0.01,10,10,10,100,89.805,1,0.81053
0.01,10,10,10,1000,89.805,1,0.85709
0.01,10,10,10,10000,89.805,1,0.86153
0.01,10,10,100,1,89.805,1,0.78039
0.01,10,10,100,10,89.805,1,0.77335
0.01,10,10,100,100,89.805,1,0.86477
0.01,10,10,100,1000,89.805,1,0.8269
0.01,10,10,100,10000,89.805,1,0.86657
0.01,10,10,1000,1,89.805,1,0.85744
0.01,10,10,1000,10,89.805,1,0.88892
0.01,10,10,1000,100,89.805,1,0.86228
0.01,10,10,1000,1000,89.805,1,0.8755
0.01,10,10,1000,10000,89.805,1,0.86402
0.01,10,10,10000,1,89.805,1,0.71357
0.01,10,10,10000,10,89.805,1,0.85953
0.01,10,10,10000,100,89.805,1,0.88967
0.01,10,10,10000,1000,89.805,1,0.88258
0.01,10,10,10000,10000,89.805,1,0.88548
0.01,10,100,1,1,89.805,0.93069,0.86377
0.01,10,100,1,10,89.805,0.79703,0.78802
0.01,10,100,1,100,89.805,0.89604,0.88079
0.01,10,100,1,1000,89.805,0.90099,0.87485
0.01,10,100,1,10000,89.805,0.89604,0.8738
0.01,10,100,10,1,89.805,0.94554,0.8475
0.01,10,100,10,10,89.805,0.88614,0.85813
0.01,10,100,10,100,89.805,0.89604,0.8751
0.01,10,100,10,1000,89.805,0.89604,0.87325
0.01,10,100,10,10000,89.805,1,0.79741
0.01,10,100,100,1,89.805,0.9604,0.86791
0.01,10,100,100,10,89.805,0.90594,0.86991
0.01,10,100,100,100,89.805,0.90594,0.8727
0.01,10,100,100,1000,89.805,1,0.8241
0.01,10,100,100,10000,89.805,1,0.88508
0.01,10,100,1000,1,89.805,1,0.86826
0.01,10,100,1000,10,89.805,0.93564,0.8767
0.01,10,100,1000,100,89.805,1,0.79865
0.01,10,100,1000,1000,89.805,1,0.89885
0.01,10,100,1000,10000,89.805,1,0.87425
0.01,10,100,10000,1,89.805,1,0.85274
0.01,10,100,10000,10,89.805,1,0.86043
0.01,10,100,10000,100,89.805,1,0.8728
0.01,10,100,10000,1000,89.805,1,0.88812
0.01,10,100,10000,10000,89.805,1,0.89291
0.01,10,1000,1,1,89.805,0.90594,0.86926
0.01,10,1000,1,10,89.805,0.88119,0.83787
0.01,10,1000,1,100,89.805,0.87129,0.86732
0.01,10,1000,1,1000,89.805,0.86634,0.85619
0.01,10,1000,1,10000,89.805,0.88614,0.87595
0.01,10,1000,10,1,89.805,0.90099,0.86941
0.01,10,1000,10,10,89.805,0.87624,0.8516
0.01,10,1000,10,100,89.805,0.82178,0.81911
0.01,10,1000,10,1000,89.805,0.80693,0.79092
0.01,10,1000,10,10000,89.805,0.89604,0.87405
0.01,10,1000,100,1,89.805,0.92079,0.85968
0.01,10,1000,100,10,89.805,0.90594,0.85434
0.01,10,1000,100,100,89.805,0.85149,0.81712
0.01,10,1000,100,1000,89.805,0.89109,0.87305
0.01,10,1000,100,10000,89.805,0.89604,0.87231
0.01,10,1000,1000,1,89.805,0.91089,0.86926
0.01,10,1000,1000,10,89.805,0.89604,0.86961
0.01,10,1000,1000,100,89.805,0.89109,0.87176
0.01,10,1000,1000,1000,89.805,0.89604,0.87206
0.01,10,1000,1000,10000,89.805,0.89604,0.87305
0.01,10,1000,10000,1,89.805,0.93069,0.87655
0.01,10,1000,10000,10,89.805,0.90594,0.87335
0.01,10,1000,10000,100,89.805,0.90594,0.86577
0.01,10,1000,10000,1000,89.805,0.89604,0.87236
0.01,10,1000,10000,10000,89.805,0.79703,0.77565
0.01,10,10000,1,1,89.805,0.91089,0.87555
0.01,10,10000,1,10,89.805,0.89109,0.8739
0.01,10,10000,1,100,89.805,0.87129,0.85095
0.01,10,10000,1,1000,89.805,0.89604,0.8728
0.01,10,10000,1,10000,89.805,0.80198,0.79037
0.01,10,10000,10,1,89.805,0.91089,0.87475
0.01,10,10000,10,10,89.805,0.86139,0.82285
0.01,10,10000,10,100,89.805,0.83168,0.81018
0.01,10,10000,10,1000,89.805,0.87624,0.8508
0.01,10,10000,10,10000,89.805,0.75248,0.74536
0.01,10,10000,100,1,89.805,0.91584,0.87495
0.01,10,10000,100,10,89.805,0.90099,0.8762
0.01,10,10000,100,100,89.805,0.86634,0.85254
0.01,10,10000,100,1000,89.805,0.87129,0.85908
0.01,10,10000,100,10000,89.805,0.84158,0.83298
0.01,10,10000,1000,1,89.805,0.90594,0.87555
0.01,10,10000,1000,10,89.805,0.90099,0.87824
0.01,10,10000,1000,100,89.805,0.88614,0.86322
0.01,10,10000,1000,1000,89.805,0.87624,0.85294
0.01,10,10000,1000,10000,89.805,0.89604,0.86991
0.01,10,10000,10000,1,89.805,0.91584,0.87635
0.01,10,10000,10000,10,89.805,0.88119,0.85943
0.01,10,10000,10000,100,89.805,0.88614,0.86906
0.01,10,10000,10000,1000,89.805,0.89604,0.8736
0.01,10,10000,10000,10000,89.805,0.89604,0.8737
0.01,100,1,1,1,89.805,1,0.74251
0.01,100,1,1,10,89.805,1,0.75724
0.01,100,1,1,100,89.805,1,0.80215
0.01,100,1,1,1000,89.805,1,0.88728
0.01,100,1,1,10000,89.805,1,0.86262
0.01,100,1,10,1,89.805,1,0.76791
0.01,100,1,10,10,89.805,1,0.87834
0.01,100,1,10,100,89.805,1,0.88353
0.01,100,1,10,1000,89.805,1,0.88498
0.01,100,1,10,10000,89.805,1,0.84701
0.01,100,1,100,1,89.805,1,0.83748
0.01,100,1,100,10,89.805,1,0.86682
0.01,100,1,100,100,89.805,1,0.8758
0.01,100,1,100,1000,89.805,1,0.88698
0.01,100,1,100,10000,89.805,1,0.8745
0.01,100,1,1000,1,89.805,1,0.88453
0.01,100,1,1000,10,89.805,1,0.88837
0.01,100,1,1000,100,89.805,1,0.88802
0.01,100,1,1000,1000,89.805,1,0.88802
0.01,100,1,1000,10000,89.805,1,0.88772
0.01,100,1,10000,1,89.805,1,0.88733
0.01,100,1,10000,10,89.805,1,0.88807
0.01,100,1,10000,100,89.805,1,0.88802
0.01,100,1,10000,1000,89.805,1,0.88807
0.01,100,1,10000,10000,89.805,1,0.88807
0.01,100,10,1,1,89.805,0.90099,0.84955
0.01,100,10,1,10,89.805,1,0.73767
0.01,100,10,1,100,89.805,1,0.67759
0.01,100,10,1,1000,89.805,1,0.82455
0.01,100,10,1,10000,89.805,1,0.89536
0.01,100,10,10,1,89.805,0.90099,0.87445
0.01,100,10,10,10,89.805,1,0.74351
0.01,100,10,10,100,89.805,1,0.81287
0.01,100,10,10,1000,89.805,1,0.89666
0.01,100,10,10,10000,89.805,1,0.88847
0.01,100,10,100,1,89.805,1,0.74506
0.01,100,10,100,10,89.805,1,0.82191
0.01,100,10,100,100,89.805,1,0.88538
0.01,100,10,100,1000,89.805,1,0.88244
0.01,100,10,100,10000,89.805,1,0.81627
0.01,100,10,1000,1,89.805,1,0.79561
0.01,100,10,1000,10,89.805,1,0.89531
0.01,100,10,1000,100,89.805,1,0.86457
0.01,100,10,1000,1000,89.805,1,0.88917
0.01,100,10,1000,10000,89.805,1,0.88069
0.01,100,10,10000,1,89.805,1,0.87395
0.01,100,10,10000,10,89.805,1,0.86722
0.01,100,10,10000,100,89.805,1,0.88743
0.01,100,10,10000,1000,89.805,1,0.88752
0.01,100,10,10000,10000,89.805,1,0.88842
0.01,100,100,1,1,89.805,0.87129,0.86028
0.01,100,100,1,10,89.805,0.82673,0.82954
0.01,100,100,1,100,89.805,0.89604,0.87455
0.01,100,100,1,1000,89.805,0.89604,0.87255
0.01,100,100,1,10000,89.805,0.89604,0.87046
0.01,100,100,10,1,89.805,0.89109,0.84242
0.01,100,100,10,10,89.805,0.87129,0.84905
0.01,100,100,10,100,89.805,0.89604,0.87535
0.01,100,100,10,1000,89.805,0.90099,0.86277
0.01,100,100,10,10000,89.805,1,0.81961
0.01,100,100,100,1,89.805,0.89604,0.86138
0.01,100,100,100,10,89.805,0.89109,0.87181
0.01,100,100,100,100,89.805,0.90099,0.8752
0.01,100,100,100,1000,89.805,1,0.78723
0.01,100,100,100,10000,89.805,1,0.89291
0.01,100,100,1000,1,89.805,0.90594,0.87305
0.01,100,100,1000,10,89.805,0.90099,0.8729
0.01,100,100,1000,100,89.805,1,0.82295
0.01,100,100,1000,1000,89.805,1,0.88303
0.01,100,100,1000,10000,89.805,1,0.88797
0.01,100,100,10000,1,89.805,0.94554,0.87236
0.01,100,100,10000,10,89.805,0.90594,0.8732
0.01,100,100,10000,100,89.805,1,0.89591
0.01,100,100,10000,1000,89.805,1,0.8763
0.01,100,100,10000,10000,89.805,1,0.88199
0.01,100,1000,1,1,89.805,0.86634,0.84765
0.01,100,1000,1,10,89.805,0.83168,0.81607
0.01,100,1000,1,100,89.805,0.85644,0.86053
0.01,100,1000,1,1000,89.805,0.54455,0.54112
0.01,100,1000,1,10000,89.805,0.89109,0.87086
0.01,100,1000,10,1,89.805,0.89109,0.85394
0.01,100,1000,10,10,89.805,0.86634,0.85729
0.01,100,1000,10,100,89.805,0.85644,0.85604
0.01,100,1000,10,1000,89.805,0.89109,0.86916
0.01,100,1000,10,10000,89.805,0.89109,0.8744
0.01,100,1000,100,1,89.805,0.87624,0.83438
0.01,100,1000,100,10,89.805,0.89604,0.85604
0.01,100,1000,100,100,89.805,0.86634,0.85339
0.01,100,1000,100,1000,89.805,0.89109,0.8733
0.01,100,1000,100,10000,89.805,0.89604,0.87156
0.01,100,1000,1000,1,89.805,0.89109,0.84356
0.01,100,1000,1000,10,89.805,0.88614,0.86252
0.01,100,1000,1000,100,89.805,0.89109,0.8729
0.01,100,1000,1000,1000,89.805,0.90099,0.8745
0.01,100,1000,1000,10000,89.805,0.89109,0.87241
0.01,100,1000,10000,1,89.805,0.89109,0.86532
0.01,100,1000,10000,10,89.805,0.89604,0.87196
0.01,100,1000,10000,100,89.805,0.89604,0.8728
0.01,100,1000,10000,1000,89.805,0.89109,0.87241
0.01,100,1000,10000,10000,89.805,0.79703,0.7727
0.01,100,10000,1,1,89.805,0.91584,0.87121
0.01,100,10000,1,10,89.805,0.87129,0.8477
0.01,100,10000,1,100,89.805,0.85644,0.82515
0.01,100,10000,1,1000,89.805,0.88119,0.86622
0.01,100,10000,1,10000,89.805,0.5297,0.54012
0.01,100,10000,10,1,89.805,0.92079,0.87151
0.01,100,10000,10,10,89.805,0.89109,0.86517
0.01,100,10000,10,100,89.805,0.86634,0.83962
0.01,100,10000,10,1000,89.805,0.64356,0.61417
0.01,100,10000,10,10000,89.805,0.72772,0.72325
0.01,100,10000,100,1,89.805,0.90594,0.87091
0.01,100,10000,100,10,89.805,0.80693,0.78927
0.01,100,10000,100,100,89.805,0.86634,0.81018
0.01,100,10000,100,1000,89.805,0.84653,0.82894
0.01,100,10000,100,10000,89.805,0.86634,0.83638
0.01,100,10000,1000,1,89.805,0.91089,0.86517
0.01,100,10000,1000,10,89.805,0.89109,0.86567
0.01,100,10000,1000,100,89.805,0.84653,0.81457
0.01,100,10000,1000,1000,89.805,0.86634,0.85599
0.01,100,10000,1000,10000,89.805,0.89604,0.87071
0.01,100,10000,10000,1,89.805,0.90594,0.86123
0.01,100,10000,10000,10,89.805,0.84653,0.83199
0.01,100,10000,10000,100,89.805,0.87129,0.86412
0.01,100,10000,10000,1000,89.805,0.89604,0.86966
0.01,100,10000,10000,10000,89.805,0.89109,0.87026
0.01,1000,1,1,1,89.805,1,0.74306
0.01,1000,1,1,10,89.805,1,0.82171
0.01,1000,1,1,100,89.805,1,0.89281
0.01,1000,1,1,1000,89.805,1,0.88852
0.01,1000,1,1,10000,89.805,1,0.88807
0.01,1000,1,10,1,89.805,1,0.75758
0.01,1000,1,10,10,89.805,1,0.89636
0.01,1000,1,10,100,89.805,1,0.89117
0.01,1000,1,10,1000,89.805,1,0.88802
0.01,1000,1,10,10000,89.805,1,0.88957
0.01,1000,1,100,1,89.805,1,0.89626
0.01,1000,1,100,10,89.805,1,0.87944
0.01,1000,1,100,100,89.805,1,0.88508
0.01,1000,1,100,1000,89.805,1,0.88997
0.01,1000,1,100,10000,89.805,1,0.88234
0.01,1000,1,1000,1,89.805,1,0.88613
0.01,1000,1,1000,10,89.805,1,0.88817
0.01,1000,1,1000,100,89.805,1,0.88797
0.01,1000,1,1000,1000,89.805,1,0.88748
0.01,1000,1,1000,10000,89.805,1,0.88792
0.01,1000,1,10000,1,89.805,1,0.88757
0.01,1000,1,10000,10,89.805,1,0.88802
0.01,1000,1,10000,100,89.805,1,0.88812
0.01,1000,1,10000,1000,89.805,1,0.88807
0.01,1000,1,10000,10000,89.805,1,0.88807
0.01,1000,10,1,1,89.805,1,0.69546
0.01,1000,10,1,10,89.805,0.89604,0.87246
0.01,1000,10,1,100,89.805,1,0.73977
0.01,1000,10,1,1000,89.805,1,0.82695
0.01,1000,10,1,10000,89.805,1,0.89621
0.01,1000,10,10,1,89.805,1,0.71926
0.01,1000,10,10,10,89.805,1,0.74251
0.01,1000,10,10,100,89.805,1,0.8245
0.01,1000,10,10,1000,89.805,1,0.89571
0.01,1000,10,10,10000,89.805,1,0.88812
0.01,1000,10,100,1,89.805,1,0.75195
0.01,1000,10,100,10,89.805,1,0.8244
0.01,1000,10,100,100,89.805,1,0.89671
0.01,1000,10,100,1000,89.805,1,0.88812
0.01,1000,10,100,10000,89.805,1,0.88827
0.01,1000,10,1000,1,89.805,1,0.81387
0.01,1000,10,1000,10,89.805,1,0.89361
0.01,1000,10,1000,100,89.805,1,0.88802
0.01,1000,10,1000,1000,89.805,1,0.88857
0.01,1000,10,1000,10000,89.805,1,0.88802
0.01,1000,10,10000,1,89.805,1,0.88603
0.01,1000,10,10000,10,89.805,1,0.88842
0.01,1000,10,10000,100,89.805,1,0.88817
0.01,1000,10,10000,1000,89.805,1,0.88787
0.01,1000,10,10000,10000,89.805,1,0.88802
0.01,1000,100,1,1,89.805,0.85149,0.83174
0.01,1000,100,1,10,89.805,0.86634,0.83633
0.01,1000,100,1,100,89.805,0.88614,0.85963
0.01,1000,100,1,1000,89.805,0.89604,0.86791
0.01,1000,100,1,10000,89.805,0.89604,0.87395
0.01,1000,100,10,1,89.805,0.87624,0.86577
0.01,1000,100,10,10,89.805,0.88614,0.86198
0.01,1000,100,10,100,89.805,0.89109,0.87325
0.01,1000,100,10,1000,89.805,0.89604,0.8742
0.01,1000,100,10,10000,89.805,1,0.83388
0.01,1000,100,100,1,89.805,0.91089,0.87904
0.01,1000,100,100,10,89.805,0.89109,0.87181
0.01,1000,100,100,100,89.805,0.89604,0.87061
0.01,1000,100,100,1000,89.805,1,0.82859
0.01,1000,100,100,10000,89.805,1,0.89551
0.01,1000,100,1000,1,89.805,0.90099,0.87405
0.01,1000,100,1000,10,89.805,0.89604,0.87081
0.01,1000,100,1000,100,89.805,1,0.79471
0.01,1000,100,1000,1000,89.805,1,0.88852
0.01,1000,100,1000,10000,89.805,1,0.88807
0.01,1000,100,10000,1,89.805,0.90594,0.86866
0.01,1000,100,10000,10,89.805,1,0.81602
0.01,1000,100,10000,100,89.805,0.79703,0.77525
0.01,1000,100,10000,1000,89.805,1,0.88728
0.01,1000,100,10000,10000,89.805,1,0.88807
0.01,1000,1000,1,1,89.805,0.84158,0.82919
0.01,1000,1000,1,10,89.805,0.86634,0.86173
0.01,1000,1000,1,100,89.805,0.73267,0.71747
0.01,1000,1000,1,1000,89.805,0.86634,0.86542
0.01,1000,1000,1,10000,89.805,0.88614,0.87715
0.01,1000,1000,10,1,89.805,0.88119,0.87161
0.01,1000,1000,10,10,89.805,0.89604,0.85734
0.01,1000,1000,10,100,89.805,0.79208,0.78723
0.01,1000,1000,10,1000,89.805,0.85644,0.83802
0.01,1000,1000,10,10000,89.805,0.90099,0.87495
0.01,1000,1000,100,1,89.805,0.78218,0.76652
0.01,1000,1000,100,10,89.805,0.85149,0.85235
0.01,1000,1000,100,100,89.805,0.73267,0.73822
0.01,1000,1000,100,1000,89.805,0.89604,0.8743
0.01,1000,1000,100,10000,89.805,0.89604,0.87141
0.01,1000,1000,1000,1,89.805,0.82178,0.80264
0.01,1000,1000,1000,10,89.805,0.90594,0.86836
0.01,1000,1000,1000,100,89.805,0.89604,0.86811
0.01,1000,1000,1000,1000,89.805,0.90099,0.8753
0.01,1000,1000,1000,10000,89.805,0.89604,0.8728
0.01,1000,1000,10000,1,89.805,0.89604,0.87131
0.01,1000,1000,10000,10,89.805,0.89109,0.87231
0.01,1000,1000,10000,100,89.805,0.89604,0.87236
0.01,1000,1000,10000,1000,89.805,0.89604,0.8727
0.01,1000,1000,10000,10000,89.805,0.79703,0.7728
0.01,1000,10000,1,1,89.805,0.87129,0.85429
0.01,1000,10000,1,10,89.805,0.88614,0.86572
0.01,1000,10000,1,100,89.805,0.89604,0.86208
0.01,1000,10000,1,1000,89.805,0.84653,0.83323
0.01,1000,10000,1,10000,89.805,0.65842,0.66228
0.01,1000,10000,10,1,89.805,0.89604,0.86392
0.01,1000,10000,10,10,89.805,0.88614,0.86397
0.01,1000,10000,10,100,89.805,0.74752,0.74351
0.01,1000,10000,10,1000,89.805,0.88119,0.84062
0.01,1000,10000,10,10000,89.805,0.78218,0.7491
0.01,1000,10000,100,1,89.805,0.86634,0.84266
0.01,1000,10000,100,10,89.805,0.85644,0.83872
0.01,1000,10000,100,100,89.805,0.85149,0.83024
0.01,1000,10000,100,1000,89.805,0.83168,0.79067
0.01,1000,10000,100,10000,89.805,0.87129,0.84611
0.01,1000,10000,1000,1,89.805,0.87624,0.86956
0.01,1000,10000,1000,10,89.805,0.87624,0.85609
0.01,1000,10000,1000,100,89.805,0.85644,0.85948
0.01,1000,10000,1000,1000,89.805,0.89109,0.86771
0.01,1000,10000,1000,10000,89.805,0.89109,0.87041
0.01,1000,10000,10000,1,89.805,0.87129,0.86213
0.01,1000,10000,10000,10,89.805,0.87624,0.85863
0.01,1000,10000,10000,100,89.805,0.89109,0.87675
0.01,1000,10000,10000,1000,89.805,0.89109,0.86786
0.01,1000,10000,10000,10000,89.805,0.89109,0.87156
0.01,10000,1,1,1,89.805,0.89604,0.8729
0.01,10000,1,1,10,89.805,1,0.83728
0.01,10000,1,1,100,89.805,1,0.89581
0.01,10000,1,1,1000,89.805,1,0.88812
0.01,10000,1,1,10000,89.805,1,0.88812
0.01,10000,1,10,1,89.805,1,0.75279
0.01,10000,1,10,10,89.805,1,0.88912
0.01,10000,1,10,100,89.805,1,0.88812
0.01,10000,1,10,1000,89.805,1,0.88842
0.01,10000,1,10,10000,89.805,1,0.88812
0.01,10000,1,100,1,89.805,1,0.87779
0.01,10000,1,100,10,89.805,1,0.88179
0.01,10000,1,100,100,89.805,1,0.88752
0.01,10000,1,100,1000,89.805,1,0.88827
0.01,10000,1,100,10000,89.805,1,0.88762
0.01,10000,1,1000,1,89.805,1,0.88807
0.01,10000,1,1000,10,89.805,1,0.88817
0.01,10000,1,1000,100,89.805,1,0.88847
0.01,10000,1,1000,1000,89.805,1,0.88757
0.01,10000,1,1000,10000,89.805,1,0.88852
0.01,10000,1,10000,1,89.805,1,0.88797
0.01,10000,1,10000,10,89.805,1,0.88807
0.01,10000,1,10000,100,89.805,1,0.88802
0.01,10000,1,10000,1000,89.805,1,0.88802
0.01,10000,1,10000,10000,89.805,1,0.88807
0.01,10000,10,1,1,89.805,1,0.70444
0.01,10000,10,1,10,89.805,1,0.70269
0.01,10000,10,1,100,89.805,1,0.73992
0.01,10000,10,1,1000,89.805,1,0.82345
0.01,10000,10,1,10000,89.805,1,0.89606
0.01,10000,10,10,1,89.805,1,0.71028
0.01,10000,10,10,10,89.805,0.89604,0.8732
0.01,10000,10,10,100,89.805,0.89604,0.8731
0.01,10000,10,10,1000,89.805,1,0.89626
0.01,10000,10,10,10000,89.805,1,0.88812
0.01,10000,10,100,1,89.805,0.89604,0.87176
0.01,10000,10,100,10,89.805,1,0.82445
0.01,10000,10,100,100,89.805,1,0.89571
0.01,10000,10,100,1000,89.805,1,0.88807
0.01,10000,10,100,10000,89.805,1,0.88812
0.01,10000,10,1000,1,89.805,0.89604,0.87156
0.01,10000,10,1000,10,89.805,1,0.88428
0.01,10000,10,1000,100,89.805,1,0.88812
0.01,10000,10,1000,1000,89.805,1,0.88822
0.01,10000,10,1000,10000,89.805,1,0.88812
0.01,10000,10,10000,1,89.805,1,0.88413
0.01,10000,10,10000,10,89.805,1,0.88807
0.01,10000,10,10000,100,89.805,1,0.88792
0.01,10000,10,10000,1000,89.805,1,0.88797
0.01,10000,10,10000,10000,89.805,1,0.88797
0.01,10000,100,1,1,89.805,0.83663,0.83937
0.01,10000,100,1,10,89.805,0.84653,0.83882
0.01,10000,100,1,100,89.805,0.89109,0.86896
0.01,10000,100,1,1000,89.805,0.90099,0.87485
0.01,10000,100,1,10000,89.805,0.89109,0.86507
0.01,10000,100,10,1,89.805,0.88614,0.8511
0.01,10000,100,10,10,89.805,0.88119,0.85898
0.01,10000,100,10,100,89.805,0.89109,0.87335
0.01,10000,100,10,1000,89.805,0.90099,0.87515
0.01,10000,100,10,10000,89.805,0.89604,0.87285
0.01,10000,100,100,1,89.805,0.90099,0.87355
0.01,10000,100,100,10,89.805,0.89109,0.87141
0.01,10000,100,100,100,89.805,0.89604,0.87171
0.01,10000,100,100,1000,89.805,0.89604,0.8731
0.01,10000,100,100,10000,89.805,0.79703,0.7727
0.01,10000,100,1000,1,89.805,0.89109,0.87465
0.01,10000,100,1000,10,89.805,0.89109,0.87211
0.01,10000,100,1000,100,89.805,0.89109,0.87001
0.01,10000,100,1000,1000,89.805,0.79703,0.7726
0.01,10000,100,1000,10000,89.805,1,0.85389
0.01,10000,100,10000,1,89.805,0.89604,0.87136
0.01,10000,100,10000,10,89.805,0.89109,0.87056
0.01,10000,100,10000,100,89.805,0.79703,0.77295
0.01,10000,100,10000,1000,89.805,1,0.88812
0.01,10000,100,10000,10000,89.805,1,0.88812
0.01,10000,1000,1,1,89.805,0.74752,0.74242
0.01,10000,1000,1,10,89.805,0.89604,0.70624
0.01,10000,1000,1,100,89.805,0.84653,0.84237
0.01,10000,1000,1,1000,89.805,0.79208,0.78009
0.01,10000,1000,1,10000,89.805,0.89604,0.87151
0.01,10000,1000,10,1,89.805,0.80198,0.81652
0.01,10000,1000,10,10,89.805,0.90594,0.85988
0.01,10000,1000,10,100,89.805,0.79208,0.77615
0.01,10000,1000,10,1000,89.805,0.89109,0.86796
0.01,10000,1000,10,10000,89.805,0.89604,0.8732
0.01,10000,1000,100,1,89.805,0.87129,0.83179
0.01,10000,1000,100,10,89.805,0.81188,0.79631
0.01,10000,1000,100,100,89.805,0.87624,0.85514
0.01,10000,1000,100,1000,89.805,0.89109,0.87385
0.01,10000,1000,100,10000,89.805,0.89604,0.8731
0.01,10000,1000,1000,1,89.805,0.76238,0.77769
0.01,10000,1000,1000,10,89.805,0.90594,0.86791
0.01,10000,1000,1000,100,89.805,0.90099,0.87241
0.01,10000,1000,1000,1000,89.805,0.89109,0.87186
0.01,10000,1000,1000,10000,89.805,0.89109,0.87236
0.01,10000,1000,10000,1,89.805,0.89109,0.87181
0.01,10000,1000,10000,10,89.805,0.89109,0.86712
0.01,10000,1000,10000,100,89.805,0.89604,0.8735
0.01,10000,1000,10000,1000,89.805,0.89109,0.87221
0.01,10000,1000,10000,10000,89.805,0.79703,0.7727
0.01,10000,10000,1,1,89.805,0.89604,0.86257
0.01,10000,10000,1,10,89.805,0.77228,0.78533
0.01,10000,10000,1,100,89.805,0.85644,0.83842
0.01,10000,10000,1,1000,89.805,0.88119,0.85758
0.01,10000,10000,1,10000,89.805,0.87129,0.83912
0.01,10000,10000,10,1,89.805,0.86139,0.83653
0.01,10000,10000,10,10,89.805,0.88119,0.85883
0.01,10000,10000,10,100,89.805,0.85644,0.8502
0.01,10000,10000,10,1000,89.805,0.85149,0.82415
0.01,10000,10000,10,10000,89.805,0.86139,0.83004
0.01,10000,10000,100,1,89.805,0.83663,0.82974
0.01,10000,10000,100,10,89.805,0.87129,0.84611
0.01,10000,10000,100,100,89.805,0.81683,0.81637
0.01,10000,10000,100,1000,89.805,0.86634,0.82999
0.01,10000,10000,100,10000,89.805,0.88614,0.85314
0.01,10000,10000,1000,1,89.805,0.89109,0.86941
0.01,10000,10000,1000,10,89.805,0.87624,0.85858
0.01,10000,10000,1000,100,89.805,0.85644,0.85364
0.01,10000,10000,1000,1000,89.805,0.80693,0.79002
0.01,10000,10000,1000,10000,89.805,0.89604,0.86921
0.01,10000,10000,10000,1,89.805,0.86634,0.84995
0.01,10000,10000,10000,10,89.805,0.89109,0.86527
0.01,10000,10000,10000,100,89.805,0.89604,0.87445
0.01,10000,10000,10000,1000,89.805,0.89109,0.87196
0.01,10000,10000,10000,10000,89.805,0.89109,0.87161
