ratio,lambda1,lambda2,lambda3,svm_acc_te,dr_acc_vtr,dr_acc_te,acc_trtr,acc_vtr,acc_te
0.8,0.1,0.1,0.1,84.707,83.327,82.404,1,0.80269,0.79292
0.8,0.1,0.1,1,84.707,83.327,82.404,1,0.81536,0.80264
0.8,0.1,0.1,10,84.707,83.327,82.404,1,0.83417,0.82076
0.8,0.1,0.1,100,84.707,83.327,82.404,1,0.76839,0.75934
0.8,0.1,0.1,1000,84.707,83.327,82.404,1,0.76839,0.75934
0.8,0.1,1,0.1,84.707,83.327,82.404,1,0.79539,0.77572
0.8,0.1,1,1,84.707,83.327,82.404,1,0.79463,0.78503
0.8,0.1,1,10,84.707,83.327,82.404,1,0.79309,0.78616
0.8,0.1,1,100,84.707,83.327,82.404,1,0.8453,0.83427
0.8,0.1,1,1000,84.707,83.327,82.404,1,0.76839,0.75934
0.8,0.1,10,0.1,84.707,83.327,82.404,1,0.7245,0.71512
0.8,0.1,10,1,84.707,83.327,82.404,1,0.78375,0.77715
0.8,0.1,10,10,84.707,83.327,82.404,0.99997,0.77134,0.76415
0.8,0.1,10,100,84.707,83.327,82.404,1,0.77249,0.76354
0.8,0.1,10,1000,84.707,83.327,82.404,1,0.81177,0.80141
0.8,0.1,100,0.1,84.707,83.327,82.404,0.83409,0.83442,0.82352
0.8,0.1,100,1,84.707,83.327,82.404,0.83998,0.83941,0.82915
0.8,0.1,100,10,84.707,83.327,82.404,0.83611,0.8366,0.82793
0.8,0.1,100,100,84.707,83.327,82.404,0.83563,0.83672,0.82526
0.8,0.1,100,1000,84.707,83.327,82.404,0.83291,0.83263,0.82168
0.8,0.1,1000,0.1,84.707,83.327,82.404,0.82657,0.83468,0.82291
0.8,0.1,1000,1,84.707,83.327,82.404,0.82676,0.8366,0.82629
0.8,0.1,1000,10,84.707,83.327,82.404,0.82472,0.83417,0.82199
0.8,0.1,1000,100,84.707,83.327,82.404,0.82488,0.83186,0.82383
0.8,0.1,1000,1000,84.707,83.327,82.404,0.82452,0.8366,0.82363
0.8,1,0.1,0.1,84.707,83.327,82.404,1,0.78592,0.78084
0.8,1,0.1,1,84.707,83.327,82.404,1,0.7794,0.77715
0.8,1,0.1,10,84.707,83.327,82.404,1,0.83647,0.81881
0.8,1,0.1,100,84.707,83.327,82.404,1,0.76839,0.75934
0.8,1,0.1,1000,84.707,83.327,82.404,1,0.76839,0.75934
0.8,1,1,0.1,84.707,83.327,82.404,1,0.79232,0.78442
0.8,1,1,1,84.707,83.327,82.404,1,0.81561,0.80858
0.8,1,1,10,84.707,83.327,82.404,1,0.77646,0.76077
0.8,1,1,100,84.707,83.327,82.404,1,0.84517,0.83581
0.8,1,1,1000,84.707,83.327,82.404,1,0.76839,0.75934
0.8,1,10,0.1,84.707,83.327,82.404,1,0.78746,0.77828
0.8,1,10,1,84.707,83.327,82.404,1,0.773,0.76999
0.8,1,10,10,84.707,83.327,82.404,0.99958,0.79347,0.78053
0.8,1,10,100,84.707,83.327,82.404,0.9984,0.79962,0.79363
0.8,1,10,1000,84.707,83.327,82.404,1,0.84632,0.83468
0.8,1,100,0.1,84.707,83.327,82.404,0.83719,0.84005,0.82373
0.8,1,100,1,84.707,83.327,82.404,0.83422,0.83621,0.82598
0.8,1,100,10,84.707,83.327,82.404,0.83422,0.83429,0.82414
0.8,1,100,100,84.707,83.327,82.404,0.83847,0.83532,0.82547
0.8,1,100,1000,84.707,83.327,82.404,0.83691,0.83852,0.83028
0.8,1,1000,0.1,84.707,83.327,82.404,0.82692,0.83532,0.82588
0.8,1,1000,1,84.707,83.327,82.404,0.82619,0.83532,0.82547
0.8,1,1000,10,84.707,83.327,82.404,0.82971,0.8357,0.82506
0.8,1,1000,100,84.707,83.327,82.404,0.82852,0.83417,0.82618
0.8,1,1000,1000,84.707,83.327,82.404,0.82552,0.83493,0.82475
0.8,10,0.1,0.1,84.707,83.327,82.404,1,0.76635,0.76405
0.8,10,0.1,1,84.707,83.327,82.404,1,0.80461,0.79988
0.8,10,0.1,10,84.707,83.327,82.404,1,0.8174,0.80295
0.8,10,0.1,100,84.707,83.327,82.404,1,0.76839,0.75934
0.8,10,0.1,1000,84.707,83.327,82.404,1,0.76839,0.75934
0.8,10,1,0.1,84.707,83.327,82.404,1,0.78503,0.78186
0.8,10,1,1,84.707,83.327,82.404,1,0.77953,0.76743
0.8,10,1,10,84.707,83.327,82.404,1,0.82137,0.81359
0.8,10,1,100,84.707,83.327,82.404,1,0.83877,0.82588
0.8,10,1,1000,84.707,83.327,82.404,1,0.76839,0.75934
0.8,10,10,0.1,84.707,83.327,82.404,1,0.78375,0.77654
0.8,10,10,1,84.707,83.327,82.404,0.99955,0.7977,0.78872
0.8,10,10,10,84.707,83.327,82.404,0.99184,0.80781,0.79803
0.8,10,10,100,84.707,83.327,82.404,0.97204,0.82585,0.81871
0.8,10,10,1000,84.707,83.327,82.404,0.99987,0.84056,0.83253
0.8,10,100,0.1,84.707,83.327,82.404,0.83249,0.83301,0.82168
0.8,10,100,1,84.707,83.327,82.404,0.83198,0.83173,0.82219
0.8,10,100,10,84.707,83.327,82.404,0.83633,0.8357,0.82844
0.8,10,100,100,84.707,83.327,82.404,0.83607,0.83608,0.82547
0.8,10,100,1000,84.707,83.327,82.404,0.83022,0.83404,0.82434
0.8,10,1000,0.1,84.707,83.327,82.404,0.82897,0.83596,0.8268
0.8,10,1000,1,84.707,83.327,82.404,0.82731,0.83417,0.82598
0.8,10,1000,10,84.707,83.327,82.404,0.82801,0.83724,0.82537
0.8,10,1000,100,84.707,83.327,82.404,0.82734,0.83493,0.82404
0.8,10,1000,1000,84.707,83.327,82.404,0.82516,0.83378,0.82301
0.8,100,0.1,0.1,84.707,83.327,82.404,1,0.81152,0.80274
0.8,100,0.1,1,84.707,83.327,82.404,1,0.81113,0.80213
0.8,100,0.1,10,84.707,83.327,82.404,1,0.79603,0.78452
0.8,100,0.1,100,84.707,83.327,82.404,1,0.76839,0.75934
0.8,100,0.1,1000,84.707,83.327,82.404,1,0.76839,0.75934
0.8,100,1,0.1,84.707,83.327,82.404,1,0.78631,0.78053
0.8,100,1,1,84.707,83.327,82.404,1,0.78656,0.78002
0.8,100,1,10,84.707,83.327,82.404,1,0.81881,0.80796
0.8,100,1,100,84.707,83.327,82.404,1,0.81907,0.80274
0.8,100,1,1000,84.707,83.327,82.404,1,0.76839,0.75934
0.8,100,10,0.1,84.707,83.327,82.404,0.99981,0.79527,0.78524
0.8,100,10,1,84.707,83.327,82.404,0.99568,0.81497,0.80663
0.8,100,10,10,84.707,83.327,82.404,0.8624,0.83007,0.81533
0.8,100,10,100,84.707,83.327,82.404,0.84695,0.82994,0.82178
0.8,100,10,1000,84.707,83.327,82.404,0.83192,0.81267,0.79558
0.8,100,100,0.1,84.707,83.327,82.404,0.84074,0.83736,0.82967
0.8,100,100,1,84.707,83.327,82.404,0.83291,0.83276,0.82547
0.8,100,100,10,84.707,83.327,82.404,0.83092,0.83404,0.82557
0.8,100,100,100,84.707,83.327,82.404,0.81771,0.82418,0.81257
0.8,100,100,1000,84.707,83.327,82.404,0.81448,0.82457,0.8094
0.8,100,1000,0.1,84.707,83.327,82.404,0.82612,0.83519,0.82383
0.8,100,1000,1,84.707,83.327,82.404,0.82478,0.83289,0.82291
0.8,100,1000,10,84.707,83.327,82.404,0.82849,0.83647,0.82526
0.8,100,1000,100,84.707,83.327,82.404,0.82411,0.83289,0.82137
0.8,100,1000,1000,84.707,83.327,82.404,0.82277,0.83225,0.81933
0.8,1000,0.1,0.1,84.707,83.327,82.404,1,0.7524,0.74112
0.8,1000,0.1,1,84.707,83.327,82.404,1,0.82713,0.81922
0.8,1000,0.1,10,84.707,83.327,82.404,1,0.77684,0.76671
0.8,1000,0.1,100,84.707,83.327,82.404,1,0.76839,0.75934
0.8,1000,0.1,1000,84.707,83.327,82.404,1,0.76839,0.75934
0.8,1000,1,0.1,84.707,83.327,82.404,1,0.80409,0.79773
0.8,1000,1,1,84.707,83.327,82.404,1,0.76647,0.76825
0.8,1000,1,10,84.707,83.327,82.404,1,0.81612,0.80377
0.8,1000,1,100,84.707,83.327,82.404,0.79365,0.76955,0.76047
0.8,1000,1,1000,84.707,83.327,82.404,0.75981,0.76839,0.75934
0.8,1000,10,0.1,84.707,83.327,82.404,0.99501,0.81267,0.80899
0.8,1000,10,1,84.707,83.327,82.404,0.8863,0.8366,0.82537
0.8,1000,10,10,84.707,83.327,82.404,0.84497,0.82828,0.81984
0.8,1000,10,100,84.707,83.327,82.404,0.76147,0.76955,0.76026
0.8,1000,10,1000,84.707,83.327,82.404,0.75923,0.76839,0.75934
0.8,1000,100,0.1,84.707,83.327,82.404,0.83463,0.83289,0.82588
0.8,1000,100,1,84.707,83.327,82.404,0.83054,0.83442,0.82352
0.8,1000,100,10,84.707,83.327,82.404,0.82229,0.82943,0.81707
0.8,1000,100,100,84.707,83.327,82.404,0.80319,0.81164,0.80336
0.8,1000,100,1000,84.707,83.327,82.404,0.75952,0.76839,0.75934
0.8,1000,1000,0.1,84.707,83.327,82.404,0.82772,0.83506,0.82659
0.8,1000,1000,1,84.707,83.327,82.404,0.82488,0.83199,0.8225
0.8,1000,1000,10,84.707,83.327,82.404,0.82686,0.83608,0.82383
0.8,1000,1000,100,84.707,83.327,82.404,0.82113,0.83007,0.82066
0.8,1000,1000,1000,84.707,83.327,82.404,0.77183,0.78349,0.77255
0.4,0.1,0.1,0.1,84.778,81.679,82.744,1,0.73388,0.75172
0.4,0.1,0.1,1,84.778,81.679,82.744,1,0.72032,0.72446
0.4,0.1,0.1,10,84.778,81.679,82.744,1,0.8132,0.82195
0.4,0.1,0.1,100,84.778,81.679,82.744,1,0.75205,0.76169
0.4,0.1,0.1,1000,84.778,81.679,82.744,1,0.75205,0.76169
0.4,0.1,1,0.1,84.778,81.679,82.744,1,0.72083,0.73046
0.4,0.1,1,1,84.778,81.679,82.744,1,0.73465,0.75435
0.4,0.1,1,10,84.778,81.679,82.744,1,0.761,0.76571
0.4,0.1,1,100,84.778,81.679,82.744,1,0.80783,0.81898
0.4,0.1,1,1000,84.778,81.679,82.744,1,0.75205,0.76169
0.4,0.1,10,0.1,84.778,81.679,82.744,1,0.73772,0.73176
0.4,0.1,10,1,84.778,81.679,82.744,1,0.68142,0.69443
0.4,0.1,10,10,84.778,81.679,82.744,1,0.78378,0.78199
0.4,0.1,10,100,84.778,81.679,82.744,1,0.78019,0.78387
0.4,0.1,10,1000,84.778,81.679,82.744,1,0.82421,0.82887
0.4,0.1,100,0.1,84.778,81.679,82.744,0.83542,0.81653,0.82597
0.4,0.1,100,1,84.778,81.679,82.744,0.83338,0.81576,0.8244
0.4,0.1,100,10,84.778,81.679,82.744,0.83926,0.81551,0.82819
0.4,0.1,100,100,84.778,81.679,82.744,0.8369,0.81627,0.82502
0.4,0.1,100,1000,84.778,81.679,82.744,0.83894,0.8219,0.83007
0.4,0.1,1000,0.1,84.778,81.679,82.744,0.83171,0.82037,0.82952
0.4,0.1,1000,1,84.778,81.679,82.744,0.82781,0.81499,0.827
0.4,0.1,1000,10,84.778,81.679,82.744,0.82691,0.81653,0.82857
0.4,0.1,1000,100,84.778,81.679,82.744,0.82851,0.81627,0.8273
0.4,0.1,1000,1000,84.778,81.679,82.744,0.82602,0.81346,0.82574
0.4,1,0.1,0.1,84.778,81.679,82.744,1,0.70906,0.71279
0.4,1,0.1,1,84.778,81.679,82.744,1,0.78506,0.79346
0.4,1,0.1,10,84.778,81.679,82.744,1,0.8086,0.81359
0.4,1,0.1,100,84.778,81.679,82.744,1,0.75205,0.76169
0.4,1,0.1,1000,84.778,81.679,82.744,1,0.75205,0.76169
0.4,1,1,0.1,84.778,81.679,82.744,1,0.70829,0.7217
0.4,1,1,1,84.778,81.679,82.744,1,0.7738,0.77643
0.4,1,1,10,84.778,81.679,82.744,1,0.77815,0.79199
0.4,1,1,100,84.778,81.679,82.744,1,0.8219,0.82713
0.4,1,1,1000,84.778,81.679,82.744,1,0.75205,0.76169
0.4,1,10,0.1,84.778,81.679,82.744,1,0.72774,0.7306
0.4,1,10,1,84.778,81.679,82.744,1,0.77892,0.78295
0.4,1,10,10,84.778,81.679,82.744,0.99866,0.78838,0.79032
0.4,1,10,100,84.778,81.679,82.744,0.99578,0.79939,0.80816
0.4,1,10,1000,84.778,81.679,82.744,1,0.82728,0.83549
0.4,1,100,0.1,84.778,81.679,82.744,0.83434,0.81269,0.82563
0.4,1,100,1,84.778,81.679,82.744,0.8376,0.81883,0.83038
0.4,1,100,10,84.778,81.679,82.744,0.84131,0.82114,0.83341
0.4,1,100,100,84.778,81.679,82.744,0.83197,0.82011,0.82894
0.4,1,100,1000,84.778,81.679,82.744,0.83568,0.81448,0.82659
0.4,1,1000,0.1,84.778,81.679,82.744,0.82621,0.81218,0.82649
0.4,1,1000,1,84.778,81.679,82.744,0.83043,0.81781,0.82812
0.4,1,1000,10,84.778,81.679,82.744,0.82838,0.81448,0.82812
0.4,1,1000,100,84.778,81.679,82.744,0.82679,0.81627,0.82498
0.4,1,1000,1000,84.778,81.679,82.744,0.82928,0.81858,0.82696
0.4,10,0.1,0.1,84.778,81.679,82.744,1,0.73797,0.73927
0.4,10,0.1,1,84.778,81.679,82.744,1,0.75512,0.76373
0.4,10,0.1,10,84.778,81.679,82.744,1,0.78147,0.78858
0.4,10,0.1,100,84.778,81.679,82.744,1,0.75205,0.76169
0.4,10,0.1,1000,84.778,81.679,82.744,1,0.75205,0.76169
0.4,10,1,0.1,84.778,81.679,82.744,1,0.77149,0.76534
0.4,10,1,1,84.778,81.679,82.744,1,0.761,0.76107
0.4,10,1,10,84.778,81.679,82.744,1,0.79427,0.79717
0.4,10,1,100,84.778,81.679,82.744,1,0.81499,0.82318
0.4,10,1,1000,84.778,81.679,82.744,1,0.75205,0.76169
0.4,10,10,0.1,84.778,81.679,82.744,1,0.72032,0.72453
0.4,10,10,1,84.778,81.679,82.744,0.99834,0.79683,0.80072
0.4,10,10,10,84.778,81.679,82.744,0.9721,0.81116,0.81987
0.4,10,10,100,84.778,81.679,82.744,0.91611,0.81627,0.82567
0.4,10,10,1000,84.778,81.679,82.744,0.99443,0.81832,0.82679
0.4,10,100,0.1,84.778,81.679,82.744,0.83434,0.81704,0.82601
0.4,10,100,1,84.778,81.679,82.744,0.83376,0.81525,0.82553
0.4,10,100,10,84.778,81.679,82.744,0.83562,0.81704,0.82468
0.4,10,100,100,84.778,81.679,82.744,0.83523,0.81807,0.82993
0.4,10,100,1000,84.778,81.679,82.744,0.82864,0.81679,0.82324
0.4,10,1000,0.1,84.778,81.679,82.744,0.8289,0.81986,0.82734
0.4,10,1000,1,84.778,81.679,82.744,0.8273,0.81423,0.82413
0.4,10,1000,10,84.778,81.679,82.744,0.8303,0.81704,0.82918
0.4,10,1000,100,84.778,81.679,82.744,0.82717,0.81755,0.82669
0.4,10,1000,1000,84.778,81.679,82.744,0.82288,0.81372,0.82297
0.4,100,0.1,0.1,84.778,81.679,82.744,1,0.76817,0.76803
0.4,100,0.1,1,84.778,81.679,82.744,1,0.81192,0.81014
0.4,100,0.1,10,84.778,81.679,82.744,1,0.77047,0.7767
0.4,100,0.1,100,84.778,81.679,82.744,1,0.75205,0.76169
0.4,100,0.1,1000,84.778,81.679,82.744,1,0.75205,0.76169
0.4,100,1,0.1,84.778,81.679,82.744,1,0.7825,0.79015
0.4,100,1,1,84.778,81.679,82.744,1,0.7871,0.78018
0.4,100,1,10,84.778,81.679,82.744,1,0.80809,0.8184
0.4,100,1,100,84.778,81.679,82.744,1,0.78889,0.79506
0.4,100,1,1000,84.778,81.679,82.744,1,0.75205,0.76169
0.4,100,10,0.1,84.778,81.679,82.744,0.99904,0.78506,0.79144
0.4,100,10,1,84.778,81.679,82.744,0.98746,0.80399,0.81086
0.4,100,10,10,84.778,81.679,82.744,0.87631,0.81141,0.82195
0.4,100,10,100,84.778,81.679,82.744,0.82192,0.79887,0.80526
0.4,100,10,1000,84.778,81.679,82.744,0.78001,0.76433,0.77182
0.4,100,100,0.1,84.778,81.679,82.744,0.83472,0.81448,0.82693
0.4,100,100,1,84.778,81.679,82.744,0.83139,0.8109,0.82365
0.4,100,100,10,84.778,81.679,82.744,0.83702,0.82267,0.83096
0.4,100,100,100,84.778,81.679,82.744,0.78711,0.77252,0.78434
0.4,100,100,1000,84.778,81.679,82.744,0.80241,0.79452,0.80113
0.4,100,1000,0.1,84.778,81.679,82.744,0.82679,0.81832,0.82669
0.4,100,1000,1,84.778,81.679,82.744,0.82525,0.81269,0.82717
0.4,100,1000,10,84.778,81.679,82.744,0.82883,0.81704,0.82887
0.4,100,1000,100,84.778,81.679,82.744,0.82237,0.81167,0.82167
0.4,100,1000,1000,84.778,81.679,82.744,0.79748,0.79171,0.80571
0.4,1000,0.1,0.1,84.778,81.679,82.744,1,0.73414,0.74729
0.4,1000,0.1,1,84.778,81.679,82.744,1,0.80015,0.80222
0.4,1000,0.1,10,84.778,81.679,82.744,1,0.75589,0.76537
0.4,1000,0.1,100,84.778,81.679,82.744,1,0.75205,0.76169
0.4,1000,0.1,1000,84.778,81.679,82.744,1,0.75205,0.76169
0.4,1000,1,0.1,84.778,81.679,82.744,1,0.77636,0.78492
0.4,1000,1,1,84.778,81.679,82.744,1,0.73362,0.73384
0.4,1000,1,10,84.778,81.679,82.744,1,0.77738,0.79134
0.4,1000,1,100,84.778,81.679,82.744,0.76158,0.75205,0.76169
0.4,1000,1,1000,84.778,81.679,82.744,0.76107,0.75205,0.76169
0.4,1000,10,0.1,84.778,81.679,82.744,0.9808,0.80374,0.81618
0.4,1000,10,1,84.778,81.679,82.744,0.86665,0.81346,0.82362
0.4,1000,10,10,84.778,81.679,82.744,0.7923,0.76331,0.77435
0.4,1000,10,100,84.778,81.679,82.744,0.76254,0.75384,0.76251
0.4,1000,10,1000,84.778,81.679,82.744,0.76107,0.75205,0.76169
0.4,1000,100,0.1,84.778,81.679,82.744,0.83491,0.8196,0.83154
0.4,1000,100,1,84.778,81.679,82.744,0.83075,0.81346,0.82488
0.4,1000,100,10,84.778,81.679,82.744,0.81866,0.80476,0.81618
0.4,1000,100,100,84.778,81.679,82.744,0.76817,0.76382,0.77148
0.4,1000,100,1000,84.778,81.679,82.744,0.76133,0.7523,0.76176
0.4,1000,1000,0.1,84.778,81.679,82.744,0.83043,0.81858,0.82553
0.4,1000,1000,1,84.778,81.679,82.744,0.8273,0.81551,0.82382
0.4,1000,1000,10,84.778,81.679,82.744,0.82615,0.8132,0.8273
0.4,1000,1000,100,84.778,81.679,82.744,0.81981,0.81167,0.82178
0.4,1000,1000,1000,84.778,81.679,82.744,0.79569,0.79145,0.79724
0.2,0.1,0.1,0.1,84.655,82.753,82.387,1,0.72876,0.73138
0.2,0.1,0.1,1,84.655,82.753,82.387,1,0.74565,0.75587
0.2,0.1,0.1,10,84.655,82.753,82.387,1,0.81372,0.79925
0.2,0.1,0.1,100,84.655,82.753,82.387,1,0.77789,0.75897
0.2,0.1,0.1,1000,84.655,82.753,82.387,1,0.77789,0.75897
0.2,0.1,1,0.1,84.655,82.753,82.387,1,0.74872,0.73919
0.2,0.1,1,1,84.655,82.753,82.387,1,0.72416,0.72314
0.2,0.1,1,10,84.655,82.753,82.387,1,0.69652,0.69013
0.2,0.1,1,100,84.655,82.753,82.387,1,0.77892,0.78963
0.2,0.1,1,1000,84.655,82.753,82.387,1,0.77789,0.75897
0.2,0.1,10,0.1,84.655,82.753,82.387,1,0.71904,0.69658
0.2,0.1,10,1,84.655,82.753,82.387,1,0.70727,0.69686
0.2,0.1,10,10,84.655,82.753,82.387,1,0.73746,0.74272
0.2,0.1,10,100,84.655,82.753,82.387,0.99974,0.82037,0.79618
0.2,0.1,10,1000,84.655,82.753,82.387,1,0.81781,0.80355
0.2,0.1,100,0.1,84.655,82.753,82.387,0.83645,0.82549,0.82536
0.2,0.1,100,1,84.655,82.753,82.387,0.8376,0.82958,0.82843
0.2,0.1,100,10,84.655,82.753,82.387,0.8353,0.82651,0.82605
0.2,0.1,100,100,84.655,82.753,82.387,0.83952,0.82395,0.82213
0.2,0.1,100,1000,84.655,82.753,82.387,0.83389,0.82907,0.82551
0.2,0.1,1000,0.1,84.655,82.753,82.387,0.8303,0.82907,0.83081
0.2,0.1,1000,1,84.655,82.753,82.387,0.82877,0.82958,0.82446
0.2,0.1,1000,10,84.655,82.753,82.387,0.82915,0.82753,0.82794
0.2,0.1,1000,100,84.655,82.753,82.387,0.82749,0.82446,0.82479
0.2,0.1,1000,1000,84.655,82.753,82.387,0.82902,0.83009,0.8272
0.2,1,0.1,0.1,84.655,82.753,82.387,1,0.67298,0.69366
0.2,1,0.1,1,84.655,82.753,82.387,1,0.74565,0.74469
0.2,1,0.1,10,84.655,82.753,82.387,1,0.82856,0.80829
0.2,1,0.1,100,84.655,82.753,82.387,1,0.77789,0.75897
0.2,1,0.1,1000,84.655,82.753,82.387,1,0.77789,0.75897
0.2,1,1,0.1,84.655,82.753,82.387,1,0.68577,0.68232
0.2,1,1,1,84.655,82.753,82.387,1,0.79939,0.80225
0.2,1,1,10,84.655,82.753,82.387,1,0.79273,0.79516
0.2,1,1,100,84.655,82.753,82.387,1,0.82344,0.82211
0.2,1,1,1000,84.655,82.753,82.387,1,0.77789,0.75897
0.2,1,10,0.1,84.655,82.753,82.387,1,0.75589,0.75964
0.2,1,10,1,84.655,82.753,82.387,0.99974,0.77073,0.76424
0.2,1,10,10,84.655,82.753,82.387,0.99718,0.74923,0.7418
0.2,1,10,100,84.655,82.753,82.387,0.99219,0.80553,0.8079
0.2,1,10,1000,84.655,82.753,82.387,1,0.83214,0.82889
0.2,1,100,0.1,84.655,82.753,82.387,0.8353,0.82497,0.82564
0.2,1,100,1,84.655,82.753,82.387,0.83811,0.82702,0.82705
0.2,1,100,10,84.655,82.753,82.387,0.83312,0.82856,0.82431
0.2,1,100,100,84.655,82.753,82.387,0.83901,0.83112,0.82748
0.2,1,100,1000,84.655,82.753,82.387,0.83619,0.82753,0.82917
0.2,1,1000,0.1,84.655,82.753,82.387,0.82813,0.82907,0.82426
0.2,1,1000,1,84.655,82.753,82.387,0.82928,0.83112,0.82756
0.2,1,1000,10,84.655,82.753,82.387,0.82954,0.83112,0.8262
0.2,1,1000,100,84.655,82.753,82.387,0.82608,0.82702,0.82247
0.2,1,1000,1000,84.655,82.753,82.387,0.82647,0.8306,0.82423
0.2,10,0.1,0.1,84.655,82.753,82.387,1,0.68526,0.6933
0.2,10,0.1,1,84.655,82.753,82.387,1,0.70522,0.69184
0.2,10,0.1,10,84.655,82.753,82.387,1,0.80655,0.78216
0.2,10,0.1,100,84.655,82.753,82.387,1,0.77789,0.75897
0.2,10,0.1,1000,84.655,82.753,82.387,1,0.77789,0.75897
0.2,10,1,0.1,84.655,82.753,82.387,1,0.73797,0.73729
0.2,10,1,1,84.655,82.753,82.387,1,0.76561,0.77038
0.2,10,1,10,84.655,82.753,82.387,1,0.78506,0.78699
0.2,10,1,100,84.655,82.753,82.387,1,0.83214,0.81822
0.2,10,1,1000,84.655,82.753,82.387,1,0.77789,0.75897
0.2,10,10,0.1,84.655,82.753,82.387,0.99974,0.75128,0.73494
0.2,10,10,1,84.655,82.753,82.387,0.9959,0.79939,0.80179
0.2,10,10,10,84.655,82.753,82.387,0.88073,0.80553,0.81105
0.2,10,10,100,84.655,82.753,82.387,0.86985,0.83112,0.82479
0.2,10,10,1000,84.655,82.753,82.387,0.91362,0.82446,0.81671
0.2,10,100,0.1,84.655,82.753,82.387,0.83594,0.826,0.82651
0.2,10,100,1,84.655,82.753,82.387,0.83555,0.82395,0.82464
0.2,10,100,10,84.655,82.753,82.387,0.83376,0.82395,0.82408
0.2,10,100,100,84.655,82.753,82.387,0.8289,0.82805,0.82208
0.2,10,100,1000,84.655,82.753,82.387,0.82007,0.82702,0.81602
0.2,10,1000,0.1,84.655,82.753,82.387,0.82531,0.82497,0.82395
0.2,10,1000,1,84.655,82.753,82.387,0.8321,0.82907,0.82989
0.2,10,1000,10,84.655,82.753,82.387,0.82749,0.82753,0.82495
0.2,10,1000,100,84.655,82.753,82.387,0.82519,0.82702,0.82264
0.2,10,1000,1000,84.655,82.753,82.387,0.82339,0.8306,0.82203
0.2,100,0.1,0.1,84.655,82.753,82.387,1,0.6259,0.63011
0.2,100,0.1,1,84.655,82.753,82.387,1,0.74667,0.73368
0.2,100,0.1,10,84.655,82.753,82.387,1,0.78403,0.76649
0.2,100,0.1,100,84.655,82.753,82.387,1,0.77789,0.75897
0.2,100,0.1,1000,84.655,82.753,82.387,1,0.77789,0.75897
0.2,100,1,0.1,84.655,82.753,82.387,1,0.78762,0.78523
0.2,100,1,1,84.655,82.753,82.387,1,0.7825,0.78098
0.2,100,1,10,84.655,82.753,82.387,0.99923,0.81064,0.81384
0.2,100,1,100,84.655,82.753,82.387,0.99667,0.79939,0.77955
0.2,100,1,1000,84.655,82.753,82.387,1,0.77789,0.75897
0.2,100,10,0.1,84.655,82.753,82.387,0.99757,0.79529,0.78891
0.2,100,10,1,84.655,82.753,82.387,0.93,0.82242,0.82136
0.2,100,10,10,84.655,82.753,82.387,0.84349,0.82651,0.81609
0.2,100,10,100,84.655,82.753,82.387,0.79588,0.80502,0.78208
0.2,100,10,1000,84.655,82.753,82.387,0.76619,0.77789,0.75964
0.2,100,100,0.1,84.655,82.753,82.387,0.83606,0.82753,0.82717
0.2,100,100,1,84.655,82.753,82.387,0.8353,0.82702,0.82715
0.2,100,100,10,84.655,82.753,82.387,0.82621,0.82651,0.8207
0.2,100,100,100,84.655,82.753,82.387,0.8129,0.82293,0.80634
0.2,100,100,1000,84.655,82.753,82.387,0.78615,0.79632,0.78067
0.2,100,1000,0.1,84.655,82.753,82.387,0.83018,0.826,0.82797
0.2,100,1000,1,84.655,82.753,82.387,0.82698,0.826,0.82446
0.2,100,1000,10,84.655,82.753,82.387,0.82634,0.82958,0.8252
0.2,100,1000,100,84.655,82.753,82.387,0.82583,0.83009,0.82262
0.2,100,1000,1000,84.655,82.753,82.387,0.79793,0.8173,0.79311
0.2,1000,0.1,0.1,84.655,82.753,82.387,1,0.58751,0.60109
0.2,1000,0.1,1,84.655,82.753,82.387,1,0.81576,0.80647
0.2,1000,0.1,10,84.655,82.753,82.387,1,0.7784,0.76102
0.2,1000,0.1,100,84.655,82.753,82.387,1,0.77789,0.75897
0.2,1000,0.1,1000,84.655,82.753,82.387,1,0.77789,0.75897
0.2,1000,1,0.1,84.655,82.753,82.387,1,0.76356,0.77236
0.2,1000,1,1,84.655,82.753,82.387,1,0.7477,0.75283
0.2,1000,1,10,84.655,82.753,82.387,0.77284,0.77943,0.76076
0.2,1000,1,100,84.655,82.753,82.387,0.76517,0.77789,0.75897
0.2,1000,1,1000,84.655,82.753,82.387,0.98605,0.77789,0.75897
0.2,1000,10,0.1,84.655,82.753,82.387,0.90875,0.8173,0.82249
0.2,1000,10,1,84.655,82.753,82.387,0.83069,0.82651,0.80696
0.2,1000,10,10,84.655,82.753,82.387,0.85244,0.66633,0.65622
0.2,1000,10,100,84.655,82.753,82.387,0.77771,0.79069,0.77233
0.2,1000,10,1000,84.655,82.753,82.387,0.76517,0.77789,0.75897
0.2,1000,100,0.1,84.655,82.753,82.387,0.83197,0.83112,0.82664
0.2,1000,100,1,84.655,82.753,82.387,0.82864,0.82856,0.82459
0.2,1000,100,10,84.655,82.753,82.387,0.81508,0.81883,0.80977
0.2,1000,100,100,84.655,82.753,82.387,0.8106,0.81013,0.80844
0.2,1000,100,1000,84.655,82.753,82.387,0.7699,0.77892,0.76227
0.2,1000,1000,0.1,84.655,82.753,82.387,0.82519,0.82395,0.82262
0.2,1000,1000,1,84.655,82.753,82.387,0.82813,0.82753,0.82392
0.2,1000,1000,10,84.655,82.753,82.387,0.82647,0.82958,0.82628
0.2,1000,1000,100,84.655,82.753,82.387,0.81277,0.82088,0.8076
0.2,1000,1000,1000,84.655,82.753,82.387,0.77092,0.78045,0.76885
0.1,0.1,0.1,0.1,84.581,80.757,82.267,1,0.75947,0.76013
0.1,0.1,0.1,1,84.581,80.757,82.267,1,0.7349,0.73875
0.1,0.1,0.1,10,84.581,80.757,82.267,1,0.78506,0.81032
0.1,0.1,0.1,100,84.581,80.757,82.267,1,0.73797,0.76104
0.1,0.1,0.1,1000,84.581,80.757,82.267,1,0.73797,0.76104
0.1,0.1,1,0.1,84.581,80.757,82.267,1,0.71853,0.73033
0.1,0.1,1,1,84.581,80.757,82.267,1,0.6827,0.68504
0.1,0.1,1,10,84.581,80.757,82.267,1,0.72569,0.71755
0.1,0.1,1,100,84.581,80.757,82.267,1,0.76459,0.78686
0.1,0.1,1,1000,84.581,80.757,82.267,1,0.73797,0.76104
0.1,0.1,10,0.1,84.581,80.757,82.267,1,0.63869,0.66247
0.1,0.1,10,1,84.581,80.757,82.267,1,0.71955,0.72901
0.1,0.1,10,10,84.581,80.757,82.267,1,0.71443,0.71557
0.1,0.1,10,100,84.581,80.757,82.267,0.99821,0.80553,0.79437
0.1,0.1,10,1000,84.581,80.757,82.267,1,0.75947,0.75875
0.1,0.1,100,0.1,84.581,80.757,82.267,0.83926,0.82907,0.83154
0.1,0.1,100,1,84.581,80.757,82.267,0.83414,0.81883,0.82449
0.1,0.1,100,10,84.581,80.757,82.267,0.83312,0.81986,0.82736
0.1,0.1,100,100,84.581,80.757,82.267,0.84131,0.826,0.83052
0.1,0.1,100,1000,84.581,80.757,82.267,0.83414,0.81576,0.82809
0.1,0.1,1000,0.1,84.581,80.757,82.267,0.82723,0.81986,0.8274
0.1,0.1,1000,1,84.581,80.757,82.267,0.828,0.81781,0.82527
0.1,0.1,1000,10,84.581,80.757,82.267,0.82672,0.82088,0.82597
0.1,0.1,1000,100,84.581,80.757,82.267,0.82723,0.81986,0.82506
0.1,0.1,1000,1000,84.581,80.757,82.267,0.82519,0.82088,0.82622
0.1,1,0.1,0.1,84.581,80.757,82.267,1,0.67247,0.66848
0.1,1,0.1,1,84.581,80.757,82.267,1,0.74616,0.72642
0.1,1,0.1,10,84.581,80.757,82.267,1,0.75742,0.77824
0.1,1,0.1,100,84.581,80.757,82.267,1,0.73797,0.76104
0.1,1,0.1,1000,84.581,80.757,82.267,1,0.73797,0.76104
0.1,1,1,0.1,84.581,80.757,82.267,1,0.72364,0.74137
0.1,1,1,1,84.581,80.757,82.267,1,0.7738,0.78343
0.1,1,1,10,84.581,80.757,82.267,1,0.74923,0.76635
0.1,1,1,100,84.581,80.757,82.267,1,0.81986,0.82338
0.1,1,1,1000,84.581,80.757,82.267,1,0.73797,0.76104
0.1,1,10,0.1,84.581,80.757,82.267,1,0.73695,0.71912
0.1,1,10,1,84.581,80.757,82.267,0.99974,0.7738,0.7802
0.1,1,10,10,84.581,80.757,82.267,0.96621,0.79836,0.80088
0.1,1,10,100,84.581,80.757,82.267,0.97364,0.81167,0.82247
0.1,1,10,1000,84.581,80.757,82.267,1,0.82293,0.82335
0.1,1,100,0.1,84.581,80.757,82.267,0.83133,0.81679,0.8272
0.1,1,100,1,84.581,80.757,82.267,0.83261,0.82497,0.82797
0.1,1,100,10,84.581,80.757,82.267,0.83926,0.81781,0.82856
0.1,1,100,100,84.581,80.757,82.267,0.82979,0.82907,0.82822
0.1,1,100,1000,84.581,80.757,82.267,0.83184,0.82293,0.82633
0.1,1,1000,0.1,84.581,80.757,82.267,0.82595,0.8219,0.82799
0.1,1,1000,1,84.581,80.757,82.267,0.82442,0.81781,0.82392
0.1,1,1000,10,84.581,80.757,82.267,0.82672,0.82293,0.82672
0.1,1,1000,100,84.581,80.757,82.267,0.82928,0.81576,0.82645
0.1,1,1000,1000,84.581,80.757,82.267,0.82416,0.81474,0.82631
0.1,10,0.1,0.1,84.581,80.757,82.267,1,0.66223,0.68882
0.1,10,0.1,1,84.581,80.757,82.267,1,0.72569,0.72922
0.1,10,0.1,10,84.581,80.757,82.267,1,0.75947,0.78611
0.1,10,0.1,100,84.581,80.757,82.267,1,0.73797,0.76104
0.1,10,0.1,1000,84.581,80.757,82.267,1,0.73797,0.76104
0.1,10,1,0.1,84.581,80.757,82.267,1,0.72671,0.7173
0.1,10,1,1,84.581,80.757,82.267,1,0.72876,0.73873
0.1,10,1,10,84.581,80.757,82.267,1,0.77277,0.77433
0.1,10,1,100,84.581,80.757,82.267,1,0.77277,0.80167
0.1,10,1,1000,84.581,80.757,82.267,1,0.73797,0.76104
0.1,10,10,0.1,84.581,80.757,82.267,0.99974,0.76766,0.77408
0.1,10,10,1,84.581,80.757,82.267,0.99027,0.80655,0.80349
0.1,10,10,10,84.581,80.757,82.267,0.86511,0.7912,0.80982
0.1,10,10,100,84.581,80.757,82.267,0.84797,0.81064,0.82404
0.1,10,10,1000,84.581,80.757,82.267,0.84361,0.78096,0.80632
0.1,10,100,0.1,84.581,80.757,82.267,0.83312,0.82293,0.82825
0.1,10,100,1,84.581,80.757,82.267,0.8321,0.83521,0.82888
0.1,10,100,10,84.581,80.757,82.267,0.83184,0.8219,0.82688
0.1,10,100,100,84.581,80.757,82.267,0.8303,0.81064,0.82254
0.1,10,100,1000,84.581,80.757,82.267,0.82493,0.79836,0.81871
0.1,10,1000,0.1,84.581,80.757,82.267,0.82775,0.82395,0.82545
0.1,10,1000,1,84.581,80.757,82.267,0.82851,0.81781,0.82627
0.1,10,1000,10,84.581,80.757,82.267,0.82723,0.81679,0.82531
0.1,10,1000,100,84.581,80.757,82.267,0.82979,0.82293,0.82624
0.1,10,1000,1000,84.581,80.757,82.267,0.82467,0.80757,0.81776
0.1,100,0.1,0.1,84.581,80.757,82.267,1,0.652,0.63295
0.1,100,0.1,1,84.581,80.757,82.267,1,0.63153,0.66256
0.1,100,0.1,10,84.581,80.757,82.267,1,0.74514,0.76789
0.1,100,0.1,100,84.581,80.757,82.267,1,0.73797,0.76104
0.1,100,0.1,1000,84.581,80.757,82.267,1,0.73797,0.76104
0.1,100,1,0.1,84.581,80.757,82.267,1,0.71648,0.73354
0.1,100,1,1,84.581,80.757,82.267,1,0.68782,0.6961
0.1,100,1,10,84.581,80.757,82.267,0.9396,0.77994,0.80211
0.1,100,1,100,84.581,80.757,82.267,0.8559,0.74309,0.76346
0.1,100,1,1000,84.581,80.757,82.267,1,0.73797,0.76104
0.1,100,10,0.1,84.581,80.757,82.267,0.99181,0.80553,0.80647
0.1,100,10,1,84.581,80.757,82.267,0.87894,0.82088,0.82265
0.1,100,10,10,84.581,80.757,82.267,0.85308,0.79017,0.79681
0.1,100,10,100,84.581,80.757,82.267,0.76939,0.74514,0.76691
0.1,100,10,1000,84.581,80.757,82.267,0.76299,0.739,0.76114
0.1,100,100,0.1,84.581,80.757,82.267,0.83491,0.81986,0.82556
0.1,100,100,1,84.581,80.757,82.267,0.83235,0.81883,0.82654
0.1,100,100,10,84.581,80.757,82.267,0.82621,0.80553,0.8206
0.1,100,100,100,84.581,80.757,82.267,0.77272,0.74923,0.77579
0.1,100,100,1000,84.581,80.757,82.267,0.76401,0.74309,0.76261
0.1,100,1000,0.1,84.581,80.757,82.267,0.82979,0.8219,0.82688
0.1,100,1000,1,84.581,80.757,82.267,0.82698,0.81679,0.8247
0.1,100,1000,10,84.581,80.757,82.267,0.82723,0.8219,0.82774
0.1,100,1000,100,84.581,80.757,82.267,0.82109,0.81576,0.82376
0.1,100,1000,1000,84.581,80.757,82.267,0.77758,0.74719,0.77877
0.1,1000,0.1,0.1,84.581,80.757,82.267,1,0.50256,0.5227
0.1,1000,0.1,1,84.581,80.757,82.267,1,0.73695,0.76575
0.1,1000,0.1,10,84.581,80.757,82.267,1,0.74002,0.76195
0.1,1000,0.1,100,84.581,80.757,82.267,1,0.73797,0.76104
0.1,1000,0.1,1000,84.581,80.757,82.267,1,0.73797,0.76104
0.1,1000,1,0.1,84.581,80.757,82.267,1,0.71648,0.7279
0.1,1000,1,1,84.581,80.757,82.267,0.99104,0.67656,0.69332
0.1,1000,1,10,84.581,80.757,82.267,0.76299,0.73797,0.76109
0.1,1000,1,100,84.581,80.757,82.267,0.76273,0.73797,0.76104
0.1,1000,1,1000,84.581,80.757,82.267,1,0.73797,0.76104
0.1,1000,10,0.1,84.581,80.757,82.267,0.87791,0.81883,0.82356
0.1,1000,10,1,84.581,80.757,82.267,0.82621,0.78403,0.80941
0.1,1000,10,10,84.581,80.757,82.267,0.81418,0.81474,0.81378
0.1,1000,10,100,84.581,80.757,82.267,0.76734,0.74514,0.76728
0.1,1000,10,1000,84.581,80.757,82.267,0.76273,0.73797,0.76104
0.1,1000,100,0.1,84.581,80.757,82.267,0.83158,0.81883,0.82579
0.1,1000,100,1,84.581,80.757,82.267,0.82749,0.81883,0.82463
0.1,1000,100,10,84.581,80.757,82.267,0.79652,0.77277,0.79455
0.1,1000,100,100,84.581,80.757,82.267,0.75966,0.7523,0.76125
0.1,1000,100,1000,84.581,80.757,82.267,0.76273,0.73797,0.76104
0.1,1000,1000,0.1,84.581,80.757,82.267,0.82877,0.82395,0.82483
0.1,1000,1000,1,84.581,80.757,82.267,0.82416,0.81883,0.82322
0.1,1000,1000,10,84.581,80.757,82.267,0.82493,0.8086,0.82222
0.1,1000,1000,100,84.581,80.757,82.267,0.77886,0.75947,0.77931
0.1,1000,1000,1000,84.581,80.757,82.267,0.77937,0.75947,0.7792
0.05,0.1,0.1,0.1,84.194,79.959,79.006,1,0.69325,0.70765
0.05,0.1,0.1,1,84.194,79.959,79.006,1,0.75051,0.75332
0.05,0.1,0.1,10,84.194,79.959,79.006,1,0.76483,0.76849
0.05,0.1,0.1,100,84.194,79.959,79.006,1,0.7546,0.76047
0.05,0.1,0.1,1000,84.194,79.959,79.006,1,0.7546,0.76047
0.05,0.1,1,0.1,84.194,79.959,79.006,1,0.72802,0.71332
0.05,0.1,1,1,84.194,79.959,79.006,1,0.76278,0.76427
0.05,0.1,1,10,84.194,79.959,79.006,1,0.72393,0.7114
0.05,0.1,1,100,84.194,79.959,79.006,1,0.78323,0.78625
0.05,0.1,1,1000,84.194,79.959,79.006,1,0.7546,0.76047
0.05,0.1,10,0.1,84.194,79.959,79.006,1,0.60736,0.57681
0.05,0.1,10,1,84.194,79.959,79.006,1,0.80164,0.79429
0.05,0.1,10,10,84.194,79.959,79.006,0.99846,0.76483,0.77164
0.05,0.1,10,100,84.194,79.959,79.006,0.99386,0.80777,0.78974
0.05,0.1,10,1000,84.194,79.959,79.006,1,0.818,0.81282
0.05,0.1,100,0.1,84.194,79.959,79.006,0.84537,0.84254,0.82713
0.05,0.1,100,1,84.194,79.959,79.006,0.83257,0.84254,0.82114
0.05,0.1,100,10,84.194,79.959,79.006,0.83257,0.83845,0.82022
0.05,0.1,100,100,84.194,79.959,79.006,0.8382,0.84049,0.82541
0.05,0.1,100,1000,84.194,79.959,79.006,0.83359,0.84254,0.82151
0.05,0.1,1000,0.1,84.194,79.959,79.006,0.8341,0.84254,0.82543
0.05,0.1,1000,1,84.194,79.959,79.006,0.83513,0.84049,0.82481
0.05,0.1,1000,10,84.194,79.959,79.006,0.82847,0.83436,0.82265
0.05,0.1,1000,100,84.194,79.959,79.006,0.82847,0.8364,0.82177
0.05,0.1,1000,1000,84.194,79.959,79.006,0.83205,0.84254,0.82347
0.05,1,0.1,0.1,84.194,79.959,79.006,1,0.57873,0.5917
0.05,1,0.1,1,84.194,79.959,79.006,1,0.73824,0.72858
0.05,1,0.1,10,84.194,79.959,79.006,1,0.76892,0.77082
0.05,1,0.1,100,84.194,79.959,79.006,1,0.7546,0.76047
0.05,1,0.1,1000,84.194,79.959,79.006,1,0.7546,0.76047
0.05,1,1,0.1,84.194,79.959,79.006,1,0.71984,0.71125
0.05,1,1,1,84.194,79.959,79.006,1,0.79755,0.77752
0.05,1,1,10,84.194,79.959,79.006,1,0.80777,0.7994
0.05,1,1,100,84.194,79.959,79.006,1,0.81186,0.8106
0.05,1,1,1000,84.194,79.959,79.006,1,0.7546,0.76047
0.05,1,10,0.1,84.194,79.959,79.006,1,0.78323,0.77369
0.05,1,10,1,84.194,79.959,79.006,0.99795,0.76687,0.77308
0.05,1,10,10,84.194,79.959,79.006,0.94214,0.83436,0.80985
0.05,1,10,100,84.194,79.959,79.006,0.91398,0.82413,0.81815
0.05,1,10,1000,84.194,79.959,79.006,0.99846,0.82413,0.81935
0.05,1,100,0.1,84.194,79.959,79.006,0.8341,0.83436,0.82369
0.05,1,100,1,84.194,79.959,79.006,0.83359,0.83231,0.82188
0.05,1,100,10,84.194,79.959,79.006,0.8341,0.84049,0.82192
0.05,1,100,100,84.194,79.959,79.006,0.82898,0.83231,0.82019
0.05,1,100,1000,84.194,79.959,79.006,0.8254,0.84254,0.82052
0.05,1,1000,0.1,84.194,79.959,79.006,0.83922,0.8364,0.82504
0.05,1,1000,1,84.194,79.959,79.006,0.82949,0.8364,0.82321
0.05,1,1000,10,84.194,79.959,79.006,0.83052,0.83845,0.82162
0.05,1,1000,100,84.194,79.959,79.006,0.82591,0.83845,0.82511
0.05,1,1000,1000,84.194,79.959,79.006,0.8213,0.83845,0.81858
0.05,10,0.1,0.1,84.194,79.959,79.006,1,0.55624,0.56259
0.05,10,0.1,1,84.194,79.959,79.006,1,0.74642,0.7133
0.05,10,0.1,10,84.194,79.959,79.006,1,0.78323,0.79006
0.05,10,0.1,100,84.194,79.959,79.006,1,0.7546,0.76047
0.05,10,0.1,1000,84.194,79.959,79.006,1,0.7546,0.76047
0.05,10,1,0.1,84.194,79.959,79.006,1,0.74438,0.76004
0.05,10,1,1,84.194,79.959,79.006,1,0.59714,0.61649
0.05,10,1,10,84.194,79.959,79.006,1,0.80777,0.79009
0.05,10,1,100,84.194,79.959,79.006,1,0.79755,0.79491
0.05,10,1,1000,84.194,79.959,79.006,1,0.7546,0.76047
0.05,10,10,0.1,84.194,79.959,79.006,0.99488,0.78937,0.76603
0.05,10,10,1,84.194,79.959,79.006,0.97849,0.84049,0.81586
0.05,10,10,10,84.194,79.959,79.006,0.84793,0.83436,0.82024
0.05,10,10,100,84.194,79.959,79.006,0.83461,0.81595,0.81166
0.05,10,10,1000,84.194,79.959,79.006,0.80389,0.77301,0.77623
0.05,10,100,0.1,84.194,79.959,79.006,0.83615,0.84049,0.82373
0.05,10,100,1,84.194,79.959,79.006,0.83103,0.84049,0.82319
0.05,10,100,10,84.194,79.959,79.006,0.83052,0.83231,0.82095
0.05,10,100,100,84.194,79.959,79.006,0.81311,0.82822,0.81517
0.05,10,100,1000,84.194,79.959,79.006,0.81055,0.81391,0.8005
0.05,10,1000,0.1,84.194,79.959,79.006,0.82591,0.84254,0.82175
0.05,10,1000,1,84.194,79.959,79.006,0.83308,0.84049,0.82384
0.05,10,1000,10,84.194,79.959,79.006,0.82693,0.83845,0.82108
0.05,10,1000,100,84.194,79.959,79.006,0.83052,0.84049,0.82106
0.05,10,1000,1000,84.194,79.959,79.006,0.80338,0.79755,0.79457
0.05,100,0.1,0.1,84.194,79.959,79.006,1,0.56033,0.56149
0.05,100,0.1,1,84.194,79.959,79.006,1,0.62781,0.62175
0.05,100,0.1,10,84.194,79.959,79.006,1,0.7546,0.7614
0.05,100,0.1,100,84.194,79.959,79.006,1,0.7546,0.76047
0.05,100,0.1,1000,84.194,79.959,79.006,1,0.7546,0.76047
0.05,100,1,0.1,84.194,79.959,79.006,1,0.71575,0.73347
0.05,100,1,1,84.194,79.959,79.006,0.99898,0.7362,0.74203
0.05,100,1,10,84.194,79.959,79.006,0.79314,0.76074,0.76733
0.05,100,1,100,84.194,79.959,79.006,0.76907,0.7546,0.76071
0.05,100,1,1000,84.194,79.959,79.006,1,0.7546,0.76047
0.05,100,10,0.1,84.194,79.959,79.006,0.98157,0.82822,0.81532
0.05,100,10,1,84.194,79.959,79.006,0.86226,0.8364,0.81437
0.05,100,10,10,84.194,79.959,79.006,0.82232,0.80368,0.79226
0.05,100,10,100,84.194,79.959,79.006,0.77061,0.75869,0.76237
0.05,100,10,1000,84.194,79.959,79.006,0.76805,0.7546,0.76047
0.05,100,100,0.1,84.194,79.959,79.006,0.83257,0.8364,0.82209
0.05,100,100,1,84.194,79.959,79.006,0.83666,0.84254,0.82412
0.05,100,100,10,84.194,79.959,79.006,0.81823,0.80777,0.80582
0.05,100,100,100,84.194,79.959,79.006,0.79724,0.78323,0.78317
0.05,100,100,1000,84.194,79.959,79.006,0.76907,0.75665,0.762
0.05,100,1000,0.1,84.194,79.959,79.006,0.82591,0.83845,0.81987
0.05,100,1000,1,84.194,79.959,79.006,0.83154,0.8364,0.82476
0.05,100,1000,10,84.194,79.959,79.006,0.82591,0.8364,0.82179
0.05,100,1000,100,84.194,79.959,79.006,0.82232,0.82822,0.817
0.05,100,1000,1000,84.194,79.959,79.006,0.81004,0.78528,0.79091
0.05,1000,0.1,0.1,84.194,79.959,79.006,1,0.55419,0.56838
0.05,1000,0.1,1,84.194,79.959,79.006,1,0.64008,0.6625
0.05,1000,0.1,10,84.194,79.959,79.006,0.76959,0.7546,0.76047
0.05,1000,0.1,100,84.194,79.959,79.006,1,0.7546,0.76047
0.05,1000,0.1,1000,84.194,79.959,79.006,1,0.7546,0.76047
0.05,1000,1,0.1,84.194,79.959,79.006,0.99846,0.77301,0.74974
0.05,1000,1,1,84.194,79.959,79.006,0.99949,0.57464,0.60961
0.05,1000,1,10,84.194,79.959,79.006,0.76805,0.7546,0.76047
0.05,1000,1,100,84.194,79.959,79.006,0.76805,0.7546,0.76047
0.05,1000,1,1000,84.194,79.959,79.006,1,0.7546,0.76047
0.05,1000,10,0.1,84.194,79.959,79.006,0.8597,0.83027,0.82
0.05,1000,10,1,84.194,79.959,79.006,0.79467,0.76687,0.77989
0.05,1000,10,10,84.194,79.959,79.006,0.81516,0.81391,0.80142
0.05,1000,10,100,84.194,79.959,79.006,0.76805,0.7546,0.76047
0.05,1000,10,1000,84.194,79.959,79.006,0.76805,0.7546,0.76047
0.05,1000,100,0.1,84.194,79.959,79.006,0.83717,0.84049,0.82334
0.05,1000,100,1,84.194,79.959,79.006,0.82232,0.83231,0.81616
0.05,1000,100,10,84.194,79.959,79.006,0.76805,0.7546,0.76075
0.05,1000,100,100,84.194,79.959,79.006,0.82335,0.80368,0.80655
0.05,1000,100,1000,84.194,79.959,79.006,0.76907,0.7546,0.76151
0.05,1000,1000,0.1,84.194,79.959,79.006,0.83769,0.83231,0.8272
0.05,1000,1000,1,84.194,79.959,79.006,0.83205,0.84254,0.82474
0.05,1000,1000,10,84.194,79.959,79.006,0.82028,0.82413,0.815
0.05,1000,1000,100,84.194,79.959,79.006,0.7701,0.75869,0.76336
0.05,1000,1000,1000,84.194,79.959,79.006,0.74194,0.73211,0.7372
0.01,0.1,0.1,0.1,82.715,68.367,76.064,1,0.57143,0.64371
0.01,0.1,0.1,1,82.715,68.367,76.064,1,0.69388,0.70981
0.01,0.1,0.1,10,82.715,68.367,76.064,1,0.70408,0.79865
0.01,0.1,0.1,100,82.715,68.367,76.064,1,0.68367,0.76064
0.01,0.1,0.1,1000,82.715,68.367,76.064,1,0.68367,0.76064
0.01,0.1,1,0.1,82.715,68.367,76.064,1,0.64286,0.68739
0.01,0.1,1,1,82.715,68.367,76.064,1,0.73469,0.75111
0.01,0.1,1,10,82.715,68.367,76.064,1,0.73469,0.78722
0.01,0.1,1,100,82.715,68.367,76.064,1,0.71429,0.80676
0.01,0.1,1,1000,82.715,68.367,76.064,1,0.68367,0.76064
0.01,0.1,10,0.1,82.715,68.367,76.064,1,0.60204,0.65852
0.01,0.1,10,1,82.715,68.367,76.064,1,0.7449,0.79518
0.01,0.1,10,10,82.715,68.367,76.064,0.91795,0.77551,0.80498
0.01,0.1,10,100,82.715,68.367,76.064,0.94615,0.78571,0.82088
0.01,0.1,10,1000,82.715,68.367,76.064,1,0.71429,0.81954
0.01,0.1,100,0.1,82.715,68.367,76.064,0.85641,0.7449,0.82465
0.01,0.1,100,1,82.715,68.367,76.064,0.85897,0.7449,0.8207
0.01,0.1,100,10,82.715,68.367,76.064,0.85641,0.7449,0.82198
0.01,0.1,100,100,82.715,68.367,76.064,0.83846,0.7551,0.82361
0.01,0.1,100,1000,82.715,68.367,76.064,0.84615,0.70408,0.82204
0.01,0.1,1000,0.1,82.715,68.367,76.064,0.85128,0.7449,0.8214
0.01,0.1,1000,1,82.715,68.367,76.064,0.83333,0.7449,0.8251
0.01,0.1,1000,10,82.715,68.367,76.064,0.84615,0.7449,0.82372
0.01,0.1,1000,100,82.715,68.367,76.064,0.84103,0.73469,0.82152
0.01,0.1,1000,1000,82.715,68.367,76.064,0.84615,0.70408,0.8225
0.01,1,0.1,0.1,82.715,68.367,76.064,1,0.64286,0.63172
0.01,1,0.1,1,82.715,68.367,76.064,1,0.61224,0.71448
0.01,1,0.1,10,82.715,68.367,76.064,1,0.68367,0.76147
0.01,1,0.1,100,82.715,68.367,76.064,1,0.68367,0.76064
0.01,1,0.1,1000,82.715,68.367,76.064,1,0.68367,0.76064
0.01,1,1,0.1,82.715,68.367,76.064,1,0.73469,0.79478
0.01,1,1,1,82.715,68.367,76.064,1,0.69388,0.66561
0.01,1,1,10,82.715,68.367,76.064,1,0.7551,0.79425
0.01,1,1,100,82.715,68.367,76.064,1,0.70408,0.79886
0.01,1,1,1000,82.715,68.367,76.064,1,0.31633,0.23936
0.01,1,10,0.1,82.715,68.367,76.064,1,0.71429,0.7789
0.01,1,10,1,82.715,68.367,76.064,0.97692,0.76531,0.814
0.01,1,10,10,82.715,68.367,76.064,0.86667,0.72449,0.81749
0.01,1,10,100,82.715,68.367,76.064,0.84103,0.73469,0.81917
0.01,1,10,1000,82.715,68.367,76.064,0.83333,0.69388,0.79787
0.01,1,100,0.1,82.715,68.367,76.064,0.84872,0.73469,0.81954
0.01,1,100,1,82.715,68.367,76.064,0.84872,0.73469,0.82308
0.01,1,100,10,82.715,68.367,76.064,0.85128,0.72449,0.82285
0.01,1,100,100,82.715,68.367,76.064,0.84359,0.73469,0.82061
0.01,1,100,1000,82.715,68.367,76.064,0.82821,0.70408,0.81468
0.01,1,1000,0.1,82.715,68.367,76.064,0.85128,0.7449,0.82262
0.01,1,1000,1,82.715,68.367,76.064,0.84615,0.7449,0.82169
0.01,1,1000,10,82.715,68.367,76.064,0.84359,0.72449,0.82132
0.01,1,1000,100,82.715,68.367,76.064,0.84615,0.73469,0.82279
0.01,1,1000,1000,82.715,68.367,76.064,0.81795,0.73469,0.80951
0.01,10,0.1,0.1,82.715,68.367,76.064,1,0.56122,0.54806
0.01,10,0.1,1,82.715,68.367,76.064,1,0.67347,0.72784
0.01,10,0.1,10,82.715,68.367,76.064,1,0.68367,0.76298
0.01,10,0.1,100,82.715,68.367,76.064,1,0.68367,0.76064
0.01,10,0.1,1000,82.715,68.367,76.064,1,0.68367,0.76064
0.01,10,1,0.1,82.715,68.367,76.064,1,0.7551,0.7891
0.01,10,1,1,82.715,68.367,76.064,1,0.5,0.57418
0.01,10,1,10,82.715,68.367,76.064,0.93333,0.71429,0.79971
0.01,10,1,100,82.715,68.367,76.064,0.81282,0.68367,0.76159
0.01,10,1,1000,82.715,68.367,76.064,1,0.76531,0.72914
0.01,10,10,0.1,82.715,68.367,76.064,0.97949,0.77551,0.81439
0.01,10,10,1,82.715,68.367,76.064,0.87179,0.73469,0.8177
0.01,10,10,10,82.715,68.367,76.064,0.81026,0.73469,0.77847
0.01,10,10,100,82.715,68.367,76.064,0.78974,0.69388,0.76271
0.01,10,10,1000,82.715,68.367,76.064,0.78974,0.68367,0.76064
0.01,10,100,0.1,82.715,68.367,76.064,0.84615,0.7449,0.82382
0.01,10,100,1,82.715,68.367,76.064,0.84872,0.72449,0.82068
0.01,10,100,10,82.715,68.367,76.064,0.82564,0.72449,0.80959
0.01,10,100,100,82.715,68.367,76.064,0.82308,0.70408,0.81166
0.01,10,100,1000,82.715,68.367,76.064,0.8,0.72449,0.77816
0.01,10,1000,0.1,82.715,68.367,76.064,0.84359,0.72449,0.82111
0.01,10,1000,1,82.715,68.367,76.064,0.83846,0.73469,0.82303
0.01,10,1000,10,82.715,68.367,76.064,0.84359,0.73469,0.82353
0.01,10,1000,100,82.715,68.367,76.064,0.83846,0.72449,0.8209
0.01,10,1000,1000,82.715,68.367,76.064,0.81282,0.73469,0.79861
0.01,100,0.1,0.1,82.715,68.367,76.064,1,0.4898,0.53925
0.01,100,0.1,1,82.715,68.367,76.064,1,0.71429,0.71876
0.01,100,0.1,10,82.715,68.367,76.064,1,0.68367,0.76124
0.01,100,0.1,100,82.715,68.367,76.064,1,0.68367,0.76064
0.01,100,0.1,1000,82.715,68.367,76.064,1,0.68367,0.76064
0.01,100,1,0.1,82.715,68.367,76.064,0.99744,0.66327,0.70406
0.01,100,1,1,82.715,68.367,76.064,0.87436,0.61224,0.71785
0.01,100,1,10,82.715,68.367,76.064,0.78974,0.68367,0.76072
0.01,100,1,100,82.715,68.367,76.064,0.78974,0.68367,0.76064
0.01,100,1,1000,82.715,68.367,76.064,1,0.68367,0.76064
0.01,100,10,0.1,82.715,68.367,76.064,0.8641,0.7449,0.81975
0.01,100,10,1,82.715,68.367,76.064,0.79744,0.68367,0.76383
0.01,100,10,10,82.715,68.367,76.064,0.80256,0.65306,0.77435
0.01,100,10,100,82.715,68.367,76.064,0.78974,0.68367,0.76064
0.01,100,10,1000,82.715,68.367,76.064,0.78974,0.68367,0.76064
0.01,100,100,0.1,82.715,68.367,76.064,0.84872,0.73469,0.8197
0.01,100,100,1,82.715,68.367,76.064,0.83846,0.72449,0.81983
0.01,100,100,10,82.715,68.367,76.064,0.79231,0.68367,0.76273
0.01,100,100,100,82.715,68.367,76.064,0.76923,0.68367,0.74345
0.01,100,100,1000,82.715,68.367,76.064,0.78974,0.68367,0.76093
0.01,100,1000,0.1,82.715,68.367,76.064,0.84872,0.72449,0.82262
0.01,100,1000,1,82.715,68.367,76.064,0.84103,0.72449,0.82363
0.01,100,1000,10,82.715,68.367,76.064,0.83846,0.71429,0.81817
0.01,100,1000,100,82.715,68.367,76.064,0.78974,0.69388,0.76699
0.01,100,1000,1000,82.715,68.367,76.064,0.81538,0.72449,0.80409
0.01,1000,0.1,0.1,82.715,68.367,76.064,1,0.64286,0.66282
0.01,1000,0.1,1,82.715,68.367,76.064,0.78974,0.68367,0.7607
0.01,1000,0.1,10,82.715,68.367,76.064,0.78974,0.68367,0.76064
0.01,1000,0.1,100,82.715,68.367,76.064,0.78974,0.68367,0.76064
0.01,1000,0.1,1000,82.715,68.367,76.064,0.78974,0.68367,0.76064
0.01,1000,1,0.1,82.715,68.367,76.064,0.97436,0.53061,0.5893
0.01,1000,1,1,82.715,68.367,76.064,0.74615,0.60204,0.65223
0.01,1000,1,10,82.715,68.367,76.064,0.79487,0.69388,0.76633
0.01,1000,1,100,82.715,68.367,76.064,0.78974,0.68367,0.76064
0.01,1000,1,1000,82.715,68.367,76.064,0.78974,0.68367,0.76064
0.01,1000,10,0.1,82.715,68.367,76.064,0.79744,0.72449,0.77882
0.01,1000,10,1,82.715,68.367,76.064,0.79231,0.68367,0.76718
0.01,1000,10,10,82.715,68.367,76.064,0.82308,0.69388,0.78817
0.01,1000,10,100,82.715,68.367,76.064,0.78974,0.68367,0.76064
0.01,1000,10,1000,82.715,68.367,76.064,0.78974,0.68367,0.76064
0.01,1000,100,0.1,82.715,68.367,76.064,0.83333,0.7551,0.82012
0.01,1000,100,1,82.715,68.367,76.064,0.81026,0.71429,0.7933
0.01,1000,100,10,82.715,68.367,76.064,0.78974,0.68367,0.76904
0.01,1000,100,100,82.715,68.367,76.064,0.80513,0.68367,0.782
0.01,1000,100,1000,82.715,68.367,76.064,0.78718,0.69388,0.76598
0.01,1000,1000,0.1,82.715,68.367,76.064,0.82821,0.68367,0.81913
0.01,1000,1000,1,82.715,68.367,76.064,0.83846,0.72449,0.82099
0.01,1000,1000,10,82.715,68.367,76.064,0.80256,0.70408,0.78649
0.01,1000,1000,100,82.715,68.367,76.064,0.78718,0.68367,0.75888
0.01,1000,1000,1000,82.715,68.367,76.064,0.76154,0.70408,0.76085
