ratio,lambda1,lambda2,lambda3,svm_acc_te,dr_acc_vtr,dr_acc_te,acc_trtr,acc_vtr,acc_te,
0.8,0.1,0.1,0.1,97.448,88.228,88.293,1,0.78842,0.79021
0.8,0.1,0.1,1,97.448,88.228,88.293,1,0.92213,0.92
0.8,0.1,0.1,10,97.448,88.228,88.293,1,0.8331,0.83232
0.8,0.1,0.1,100,97.448,88.228,88.293,1,0.77978,0.78011
0.8,0.1,0.1,1000,97.448,88.228,88.293,1,0.78245,0.78295
0.8,0.1,1,0.1,97.448,88.228,88.293,1,0.89914,0.9014
0.8,0.1,1,1,97.448,88.228,88.293,1,0.89551,0.89504
0.8,0.1,1,10,97.448,88.228,88.293,1,0.89689,0.89697
0.8,0.1,1,100,97.448,88.228,88.293,1,0.7796,0.78011
0.8,0.1,1,1000,97.448,88.228,88.293,1,0.78444,0.7844
0.8,0.1,10,0.1,97.448,88.228,88.293,1,0.87917,0.87913
0.8,0.1,10,1,97.448,88.228,88.293,1,0.88591,0.88874
0.8,0.1,10,10,97.448,88.228,88.293,1,0.89844,0.90029
0.8,0.1,10,100,97.448,88.228,88.293,1,0.90207,0.90036
0.8,0.1,10,1000,97.448,88.228,88.293,1,0.78349,0.78323
0.8,0.1,100,0.1,97.448,88.228,88.293,1,0.66621,0.66962
0.8,0.1,100,1,97.448,88.228,88.293,1,0.82602,0.82596
0.8,0.1,100,10,97.448,88.228,88.293,1,0.85998,0.85707
0.8,0.1,100,100,97.448,88.228,88.293,1,0.85851,0.85597
0.8,0.1,100,1000,97.448,88.228,88.293,1,0.9013,0.90292
0.8,0.1,1000,0.1,97.448,88.228,88.293,0.99987,0.82403,0.82098
0.8,0.1,1000,1,97.448,88.228,88.293,1,0.80847,0.8039
0.8,0.1,1000,10,97.448,88.228,88.293,1,0.84728,0.84228
0.8,0.1,1000,100,97.448,88.228,88.293,0.99978,0.80899,0.8077
0.8,0.1,1000,1000,97.448,88.228,88.293,0.99905,0.89041,0.89144
0.8,1,0.1,0.1,97.448,88.228,88.293,1,0.9191,0.91889
0.8,1,0.1,1,97.448,88.228,88.293,1,0.86906,0.86669
0.8,1,0.1,10,97.448,88.228,88.293,1,0.84322,0.84145
0.8,1,0.1,100,97.448,88.228,88.293,1,0.77753,0.77811
0.8,1,0.1,1000,97.448,88.228,88.293,1,0.7688,0.77036
0.8,1,1,0.1,97.448,88.228,88.293,1,0.89326,0.89746
0.8,1,1,1,97.448,88.228,88.293,1,0.75782,0.76006
0.8,1,1,10,97.448,88.228,88.293,1,0.8758,0.87851
0.8,1,1,100,97.448,88.228,88.293,1,0.79127,0.79111
0.8,1,1,1000,97.448,88.228,88.293,1,0.77191,0.77306
0.8,1,10,0.1,97.448,88.228,88.293,1,0.8204,0.82029
0.8,1,10,1,97.448,88.228,88.293,1,0.55065,0.55594
0.8,1,10,10,97.448,88.228,88.293,1,0.90035,0.90444
0.8,1,10,100,97.448,88.228,88.293,1,0.92342,0.92581
0.8,1,10,1000,97.448,88.228,88.293,1,0.76188,0.76386
0.8,1,100,0.1,97.448,88.228,88.293,1,0.72515,0.72735
0.8,1,100,1,97.448,88.228,88.293,1,0.81625,0.81455
0.8,1,100,10,97.448,88.228,88.293,1,0.87234,0.87
0.8,1,100,100,97.448,88.228,88.293,1,0.85246,0.85825
0.8,1,100,1000,97.448,88.228,88.293,1,0.91513,0.91716
0.8,1,1000,0.1,97.448,88.228,88.293,0.99998,0.69343,0.68967
0.8,1,1000,1,97.448,88.228,88.293,1,0.86517,0.86191
0.8,1,1000,10,97.448,88.228,88.293,0.99972,0.85618,0.85742
0.8,1,1000,100,97.448,88.228,88.293,0.99747,0.8516,0.84594
0.8,1,1000,1000,97.448,88.228,88.293,0.98481,0.89248,0.89019
0.8,10,0.1,0.1,97.448,88.228,88.293,1,0.7236,0.72625
0.8,10,0.1,1,97.448,88.228,88.293,1,0.92256,0.9229
0.8,10,0.1,10,97.448,88.228,88.293,1,0.8484,0.8494
0.8,10,0.1,100,97.448,88.228,88.293,1,0.77087,0.77216
0.8,10,0.1,1000,97.448,88.228,88.293,1,0.72472,0.72438
0.8,10,1,0.1,97.448,88.228,88.293,1,0.58608,0.59024
0.8,10,1,1,97.448,88.228,88.293,1,0.86292,0.86413
0.8,10,1,10,97.448,88.228,88.293,1,0.92576,0.92836
0.8,10,1,100,97.448,88.228,88.293,1,0.81331,0.81282
0.8,10,1,1000,97.448,88.228,88.293,1,0.72835,0.72874
0.8,10,10,0.1,97.448,88.228,88.293,1,0.86551,0.86344
0.8,10,10,1,97.448,88.228,88.293,1,0.90069,0.90098
0.8,10,10,10,97.448,88.228,88.293,1,0.88833,0.8893
0.8,10,10,100,97.448,88.228,88.293,1,0.91625,0.91737
0.8,10,10,1000,97.448,88.228,88.293,1,0.74771,0.74907
0.8,10,100,0.1,97.448,88.228,88.293,1,0.76595,0.76621
0.8,10,100,1,97.448,88.228,88.293,1,0.89939,0.90174
0.8,10,100,10,97.448,88.228,88.293,1,0.89136,0.89282
0.8,10,100,100,97.448,88.228,88.293,1,0.88686,0.88446
0.8,10,100,1000,97.448,88.228,88.293,1,0.9013,0.90077
0.8,10,1000,0.1,97.448,88.228,88.293,0.99994,0.83803,0.84283
0.8,10,1000,1,97.448,88.228,88.293,0.99998,0.79283,0.78862
0.8,10,1000,10,97.448,88.228,88.293,0.99596,0.89438,0.89669
0.8,10,1000,100,97.448,88.228,88.293,0.95151,0.74987,0.75273
0.8,10,1000,1000,97.448,88.228,88.293,0.97154,0.90778,0.90679
0.8,100,0.1,0.1,97.448,88.228,88.293,1,0.78228,0.78032
0.8,100,0.1,1,97.448,88.228,88.293,1,0.92679,0.9274
0.8,100,0.1,10,97.448,88.228,88.293,1,0.88176,0.88231
0.8,100,0.1,100,97.448,88.228,88.293,1,0.73673,0.73676
0.8,100,0.1,1000,97.448,88.228,88.293,1,0.69551,0.69181
0.8,100,1,0.1,97.448,88.228,88.293,1,0.92411,0.92435
0.8,100,1,1,97.448,88.228,88.293,1,0.9057,0.91149
0.8,100,1,10,97.448,88.228,88.293,1,0.93034,0.92968
0.8,100,1,100,97.448,88.228,88.293,1,0.80847,0.80826
0.8,100,1,1000,97.448,88.228,88.293,1,0.69551,0.69174
0.8,100,10,0.1,97.448,88.228,88.293,1,0.87718,0.87823
0.8,100,10,1,97.448,88.228,88.293,1,0.80389,0.80978
0.8,100,10,10,97.448,88.228,88.293,1,0.89404,0.89967
0.8,100,10,100,97.448,88.228,88.293,1,0.9153,0.91675
0.8,100,10,1000,97.448,88.228,88.293,1,0.69551,0.69181
0.8,100,100,0.1,97.448,88.228,88.293,1,0.81711,0.81282
0.8,100,100,1,97.448,88.228,88.293,1,0.88237,0.88549
0.8,100,100,10,97.448,88.228,88.293,1,0.89663,0.89849
0.8,100,100,100,97.448,88.228,88.293,1,0.91383,0.92055
0.8,100,100,1000,97.448,88.228,88.293,0.99864,0.85238,0.85113
0.8,100,1000,0.1,97.448,88.228,88.293,0.99827,0.8898,0.88847
0.8,100,1000,1,97.448,88.228,88.293,0.99998,0.68617,0.68905
0.8,100,1000,10,97.448,88.228,88.293,0.99643,0.85696,0.85078
0.8,100,1000,100,97.448,88.228,88.293,0.92703,0.87191,0.86959
0.8,100,1000,1000,97.448,88.228,88.293,0.8447,0.83068,0.8254
0.8,1000,0.1,0.1,97.448,88.228,88.293,1,0.8707,0.87312
0.8,1000,0.1,1,97.448,88.228,88.293,1,0.91936,0.92034
0.8,1000,0.1,10,97.448,88.228,88.293,1,0.87684,0.87913
0.8,1000,0.1,100,97.448,88.228,88.293,1,0.69551,0.69174
0.8,1000,0.1,1000,97.448,88.228,88.293,1,0.69663,0.69292
0.8,1000,1,0.1,97.448,88.228,88.293,1,0.90432,0.90396
0.8,1000,1,1,97.448,88.228,88.293,1,0.88099,0.88563
0.8,1000,1,10,97.448,88.228,88.293,1,0.92489,0.92705
0.8,1000,1,100,97.448,88.228,88.293,1,0.69551,0.69174
0.8,1000,1,1000,97.448,88.228,88.293,1,0.69551,0.69174
0.8,1000,10,0.1,97.448,88.228,88.293,1,0.84443,0.8505
0.8,1000,10,1,97.448,88.228,88.293,1,0.91634,0.92214
0.8,1000,10,10,97.448,88.228,88.293,1,0.90985,0.91536
0.8,1000,10,100,97.448,88.228,88.293,0.99998,0.82584,0.82409
0.8,1000,10,1000,97.448,88.228,88.293,1,0.69551,0.69181
0.8,1000,100,0.1,97.448,88.228,88.293,1,0.89386,0.8951
0.8,1000,100,1,97.448,88.228,88.293,1,0.90475,0.90949
0.8,1000,100,10,97.448,88.228,88.293,1,0.91694,0.91924
0.8,1000,100,100,97.448,88.228,88.293,0.87808,0.85048,0.8467
0.8,1000,100,1000,97.448,88.228,88.293,0.6919,0.69551,0.69181
0.8,1000,1000,0.1,97.448,88.228,88.293,0.99769,0.87779,0.87796
0.8,1000,1000,1,97.448,88.228,88.293,0.98008,0.85739,0.85189
0.8,1000,1000,10,97.448,88.228,88.293,0.80545,0.77416,0.76836
0.8,1000,1000,100,97.448,88.228,88.293,0.74562,0.73267,0.73178
0.8,1000,1000,1000,97.448,88.228,88.293,0.87521,0.87355,0.87201
0.4,0.1,0.1,0.1,96.921,87.606,88.406,1,0.93449,0.93558
0.4,0.1,0.1,1,96.921,87.606,88.406,1,0.88124,0.88411
0.4,0.1,0.1,10,96.921,87.606,88.406,1,0.73466,0.74022
0.4,0.1,0.1,100,96.921,87.606,88.406,1,0.77545,0.782
0.4,0.1,0.1,1000,96.921,87.606,88.406,1,0.76768,0.77576
0.4,0.1,1,0.1,96.921,87.606,88.406,1,0.69628,0.70136
0.4,0.1,1,1,96.921,87.606,88.406,1,0.83544,0.83912
0.4,0.1,1,10,96.921,87.606,88.406,1,0.89991,0.90674
0.4,0.1,1,100,96.921,87.606,88.406,1,0.7637,0.77278
0.4,0.1,1,1000,96.921,87.606,88.406,1,0.77182,0.77889
0.4,0.1,10,0.1,96.921,87.606,88.406,1,0.81175,0.82421
0.4,0.1,10,1,96.921,87.606,88.406,1,0.86534,0.87189
0.4,0.1,10,10,96.921,87.606,88.406,1,0.79257,0.79463
0.4,0.1,10,100,96.921,87.606,88.406,1,0.89939,0.90555
0.4,0.1,10,1000,96.921,87.606,88.406,1,0.7478,0.75358
0.4,0.1,100,0.1,96.921,87.606,88.406,1,0.52066,0.52911
0.4,0.1,100,1,96.921,87.606,88.406,1,0.57182,0.57152
0.4,0.1,100,10,96.921,87.606,88.406,1,0.85272,0.85691
0.4,0.1,100,100,96.921,87.606,88.406,1,0.84875,0.85424
0.4,0.1,100,1000,96.921,87.606,88.406,1,0.89144,0.90087
0.4,0.1,1000,0.1,96.921,87.606,88.406,1,0.71461,0.72772
0.4,0.1,1000,1,96.921,87.606,88.406,0.99978,0.85583,0.85756
0.4,0.1,1000,10,96.921,87.606,88.406,0.99987,0.83544,0.84493
0.4,0.1,1000,100,96.921,87.606,88.406,0.99991,0.81089,0.82054
0.4,0.1,1000,1000,96.921,87.606,88.406,0.9978,0.88505,0.89091
0.4,1,0.1,0.1,96.921,87.606,88.406,1,0.78548,0.78479
0.4,1,0.1,1,96.921,87.606,88.406,1,0.88971,0.89222
0.4,1,0.1,10,96.921,87.606,88.406,1,0.83232,0.8379
0.4,1,0.1,100,96.921,87.606,88.406,1,0.77061,0.77804
0.4,1,0.1,1000,96.921,87.606,88.406,1,0.74935,0.75524
0.4,1,1,0.1,96.921,87.606,88.406,1,0.84564,0.84744
0.4,1,1,1,96.921,87.606,88.406,1,0.89576,0.89801
0.4,1,1,10,96.921,87.606,88.406,1,0.86897,0.87528
0.4,1,1,100,96.921,87.606,88.406,1,0.76975,0.77742
0.4,1,1,1000,96.921,87.606,88.406,1,0.75661,0.7635
0.4,1,10,0.1,96.921,87.606,88.406,1,0.81798,0.82582
0.4,1,10,1,96.921,87.606,88.406,1,0.87744,0.8869
0.4,1,10,10,96.921,87.606,88.406,1,0.86672,0.87049
0.4,1,10,100,96.921,87.606,88.406,1,0.89991,0.90098
0.4,1,10,1000,96.921,87.606,88.406,1,0.73708,0.74365
0.4,1,100,0.1,96.921,87.606,88.406,1,0.63509,0.6379
0.4,1,100,1,96.921,87.606,88.406,1,0.57545,0.57754
0.4,1,100,10,96.921,87.606,88.406,1,0.88678,0.88814
0.4,1,100,100,96.921,87.606,88.406,1,0.88332,0.89142
0.4,1,100,1000,96.921,87.606,88.406,1,0.89473,0.90096
0.4,1,1000,0.1,96.921,87.606,88.406,0.99991,0.85117,0.85873
0.4,1,1000,1,96.921,87.606,88.406,0.99996,0.82022,0.82948
0.4,1,1000,10,96.921,87.606,88.406,0.99987,0.87122,0.87466
0.4,1,1000,100,96.921,87.606,88.406,0.99512,0.84494,0.85486
0.4,1,1000,1000,96.921,87.606,88.406,0.97212,0.88384,0.89084
0.4,10,0.1,0.1,96.921,87.606,88.406,1,0.91288,0.92076
0.4,10,0.1,1,96.921,87.606,88.406,1,0.89404,0.89667
0.4,10,0.1,10,96.921,87.606,88.406,1,0.83596,0.84064
0.4,10,0.1,100,96.921,87.606,88.406,1,0.75177,0.7581
0.4,10,0.1,1000,96.921,87.606,88.406,1,0.70233,0.71018
0.4,10,1,0.1,96.921,87.606,88.406,1,0.88902,0.89181
0.4,10,1,1,96.921,87.606,88.406,1,0.76733,0.77016
0.4,10,1,10,96.921,87.606,88.406,1,0.92878,0.93466
0.4,10,1,100,96.921,87.606,88.406,1,0.77736,0.78371
0.4,10,1,1000,96.921,87.606,88.406,1,0.70389,0.71157
0.4,10,10,0.1,96.921,87.606,88.406,1,0.88695,0.89119
0.4,10,10,1,96.921,87.606,88.406,1,0.82472,0.82513
0.4,10,10,10,96.921,87.606,88.406,1,0.90268,0.90345
0.4,10,10,100,96.921,87.606,88.406,1,0.90078,0.90707
0.4,10,10,1000,96.921,87.606,88.406,1,0.69559,0.70087
0.4,10,100,0.1,96.921,87.606,88.406,1,0.81106,0.81549
0.4,10,100,1,96.921,87.606,88.406,1,0.60449,0.60727
0.4,10,100,10,96.921,87.606,88.406,1,0.82939,0.83693
0.4,10,100,100,96.921,87.606,88.406,1,0.90026,0.90407
0.4,10,100,1000,96.921,87.606,88.406,1,0.88487,0.89137
0.4,10,1000,0.1,96.921,87.606,88.406,0.99996,0.58565,0.58828
0.4,10,1000,1,96.921,87.606,88.406,0.99879,0.87882,0.88314
0.4,10,1000,10,96.921,87.606,88.406,0.98794,0.85411,0.86108
0.4,10,1000,100,96.921,87.606,88.406,0.97809,0.86793,0.86754
0.4,10,1000,1000,96.921,87.606,88.406,0.91369,0.86188,0.86535
0.4,100,0.1,0.1,96.921,87.606,88.406,1,0.82161,0.82854
0.4,100,0.1,1,96.921,87.606,88.406,1,0.91876,0.92809
0.4,100,0.1,10,96.921,87.606,88.406,1,0.87139,0.87445
0.4,100,0.1,100,96.921,87.606,88.406,1,0.70735,0.71509
0.4,100,0.1,1000,96.921,87.606,88.406,1,0.69075,0.6932
0.4,100,1,0.1,96.921,87.606,88.406,1,0.8325,0.83213
0.4,100,1,1,96.921,87.606,88.406,1,0.91564,0.91875
0.4,100,1,10,96.921,87.606,88.406,1,0.92135,0.92604
0.4,100,1,100,96.921,87.606,88.406,1,0.74244,0.74858
0.4,100,1,1000,96.921,87.606,88.406,1,0.69075,0.69317
0.4,100,10,0.1,96.921,87.606,88.406,1,0.82783,0.84255
0.4,100,10,1,96.921,87.606,88.406,1,0.69283,0.68824
0.4,100,10,10,96.921,87.606,88.406,1,0.88176,0.88904
0.4,100,10,100,96.921,87.606,88.406,1,0.90493,0.91209
0.4,100,10,1000,96.921,87.606,88.406,1,0.69058,0.69317
0.4,100,100,0.1,96.921,87.606,88.406,1,0.79274,0.80171
0.4,100,100,1,96.921,87.606,88.406,1,0.8892,0.89155
0.4,100,100,10,96.921,87.606,88.406,1,0.85117,0.85498
0.4,100,100,100,96.921,87.606,88.406,0.98937,0.85082,0.8594
0.4,100,100,1000,96.921,87.606,88.406,0.724,0.69092,0.69343
0.4,100,1000,0.1,96.921,87.606,88.406,0.99996,0.70614,0.71332
0.4,100,1000,1,96.921,87.606,88.406,0.99987,0.81677,0.82441
0.4,100,1000,10,96.921,87.606,88.406,0.98375,0.8949,0.89884
0.4,100,1000,100,96.921,87.606,88.406,0.89865,0.85912,0.86475
0.4,100,1000,1000,96.921,87.606,88.406,0.82708,0.81054,0.81964
0.4,1000,0.1,0.1,96.921,87.606,88.406,1,0.88487,0.88738
0.4,1000,0.1,1,96.921,87.606,88.406,1,0.91478,0.92027
0.4,1000,0.1,10,96.921,87.606,88.406,1,0.85895,0.8633
0.4,1000,0.1,100,96.921,87.606,88.406,1,0.69058,0.69317
0.4,1000,0.1,1000,96.921,87.606,88.406,1,0.69075,0.6932
0.4,1000,1,0.1,96.921,87.606,88.406,1,0.90389,0.90598
0.4,1000,1,1,96.921,87.606,88.406,1,0.87848,0.8772
0.4,1000,1,10,96.921,87.606,88.406,1,0.9115,0.91675
0.4,1000,1,100,96.921,87.606,88.406,1,0.69058,0.69317
0.4,1000,1,1000,96.921,87.606,88.406,1,0.69092,0.6932
0.4,1000,10,0.1,96.921,87.606,88.406,1,0.83526,0.82785
0.4,1000,10,1,96.921,87.606,88.406,1,0.90458,0.90769
0.4,1000,10,10,96.921,87.606,88.406,1,0.89265,0.89907
0.4,1000,10,100,96.921,87.606,88.406,0.986,0.81815,0.82225
0.4,1000,10,1000,96.921,87.606,88.406,0.75698,0.69058,0.69317
0.4,1000,100,0.1,96.921,87.606,88.406,0.99996,0.83613,0.83981
0.4,1000,100,1,96.921,87.606,88.406,1,0.87813,0.88296
0.4,1000,100,10,96.921,87.606,88.406,0.98025,0.86517,0.87102
0.4,1000,100,100,96.921,87.606,88.406,0.84735,0.83181,0.8355
0.4,1000,100,1000,96.921,87.606,88.406,0.69168,0.69058,0.69317
0.4,1000,1000,0.1,96.921,87.606,88.406,0.99162,0.81763,0.82356
0.4,1000,1000,1,96.921,87.606,88.406,0.96983,0.86811,0.87102
0.4,1000,1000,10,96.921,87.606,88.406,0.91525,0.87329,0.87637
0.4,1000,1000,100,96.921,87.606,88.406,0.70265,0.6987,0.70352
0.4,1000,1000,1000,96.921,87.606,88.406,0.8416,0.8382,0.84258
0.2,0.1,0.1,0.1,96.482,88.075,88.038,1,0.35845,0.3489
0.2,0.1,0.1,1,96.482,88.075,88.038,1,0.77947,0.77973
0.2,0.1,0.1,10,96.482,88.075,88.038,1,0.81576,0.81766
0.2,0.1,0.1,100,96.482,88.075,88.038,1,0.7646,0.7677
0.2,0.1,0.1,1000,96.482,88.075,88.038,1,0.77255,0.77659
0.2,0.1,1,0.1,96.482,88.075,88.038,1,0.76011,0.76148
0.2,0.1,1,1,96.482,88.075,88.038,1,0.82613,0.82637
0.2,0.1,1,10,96.482,88.075,88.038,1,0.86381,0.86662
0.2,0.1,1,100,96.482,88.075,88.038,1,0.77013,0.77292
0.2,0.1,1,1000,96.482,88.075,88.038,1,0.79295,0.79593
0.2,0.1,10,0.1,96.482,88.075,88.038,1,0.85344,0.85386
0.2,0.1,10,1,96.482,88.075,88.038,1,0.74698,0.73297
0.2,0.1,10,10,96.482,88.075,88.038,1,0.7805,0.77795
0.2,0.1,10,100,96.482,88.075,88.038,1,0.88835,0.89206
0.2,0.1,10,1000,96.482,88.075,88.038,1,0.76495,0.76789
0.2,0.1,100,0.1,96.482,88.075,88.038,1,0.65814,0.65373
0.2,0.1,100,1,96.482,88.075,88.038,1,0.52644,0.51787
0.2,0.1,100,10,96.482,88.075,88.038,1,0.86588,0.86333
0.2,0.1,100,100,96.482,88.075,88.038,1,0.84825,0.84674
0.2,0.1,100,1000,96.482,88.075,88.038,1,0.9008,0.90357
0.2,0.1,1000,0.1,96.482,88.075,88.038,1,0.72935,0.7305
0.2,0.1,1000,1,96.482,88.075,88.038,0.99983,0.72382,0.7319
0.2,0.1,1000,10,96.482,88.075,88.038,1,0.85517,0.85028
0.2,0.1,1000,100,96.482,88.075,88.038,0.99732,0.87245,0.87711
0.2,0.1,1000,1000,96.482,88.075,88.038,0.99499,0.82164,0.82703
0.2,1,0.1,0.1,96.482,88.075,88.038,1,0.65226,0.65112
0.2,1,0.1,1,96.482,88.075,88.038,1,0.90045,0.89984
0.2,1,0.1,10,96.482,88.075,88.038,1,0.8251,0.82623
0.2,1,0.1,100,96.482,88.075,88.038,1,0.76737,0.77087
0.2,1,0.1,1000,96.482,88.075,88.038,1,0.74041,0.74511
0.2,1,1,0.1,96.482,88.075,88.038,1,0.4618,0.4539
0.2,1,1,1,96.482,88.075,88.038,1,0.68545,0.68887
0.2,1,1,10,96.482,88.075,88.038,1,0.91704,0.91984
0.2,1,1,100,96.482,88.075,88.038,1,0.7646,0.76592
0.2,1,1,1000,96.482,88.075,88.038,1,0.73764,0.74262
0.2,1,10,0.1,96.482,88.075,88.038,1,0.6972,0.69242
0.2,1,10,1,96.482,88.075,88.038,1,0.8244,0.83012
0.2,1,10,10,96.482,88.075,88.038,1,0.81784,0.81756
0.2,1,10,100,96.482,88.075,88.038,1,0.90356,0.90439
0.2,1,10,1000,96.482,88.075,88.038,1,0.72278,0.72976
0.2,1,100,0.1,96.482,88.075,88.038,1,0.52852,0.50826
0.2,1,100,1,96.482,88.075,88.038,1,0.63014,0.62405
0.2,1,100,10,96.482,88.075,88.038,1,0.83581,0.84323
0.2,1,100,100,96.482,88.075,88.038,1,0.88904,0.89156
0.2,1,100,1000,96.482,88.075,88.038,1,0.89423,0.89431
0.2,1,1000,0.1,96.482,88.075,88.038,0.99991,0.71137,0.71378
0.2,1,1000,1,96.482,88.075,88.038,0.99991,0.60249,0.59544
0.2,1,1000,10,96.482,88.075,88.038,0.99983,0.7888,0.78646
0.2,1,1000,100,96.482,88.075,88.038,0.99481,0.81438,0.81744
0.2,1,1000,1000,96.482,88.075,88.038,0.95271,0.87349,0.88115
0.2,10,0.1,0.1,96.482,88.075,88.038,1,0.72969,0.7304
0.2,10,0.1,1,96.482,88.075,88.038,1,0.88524,0.88835
0.2,10,0.1,10,96.482,88.075,88.038,1,0.83305,0.83547
0.2,10,0.1,100,96.482,88.075,88.038,1,0.74559,0.74934
0.2,10,0.1,1000,96.482,88.075,88.038,1,0.67992,0.69347
0.2,10,1,0.1,96.482,88.075,88.038,1,0.40857,0.39948
0.2,10,1,1,96.482,88.075,88.038,1,0.83132,0.83723
0.2,10,1,10,96.482,88.075,88.038,1,0.92465,0.92669
0.2,10,1,100,96.482,88.075,88.038,1,0.75631,0.7584
0.2,10,1,1000,96.482,88.075,88.038,1,0.67957,0.69339
0.2,10,10,0.1,96.482,88.075,88.038,1,0.85862,0.86812
0.2,10,10,1,96.482,88.075,88.038,1,0.87314,0.86674
0.2,10,10,10,96.482,88.075,88.038,1,0.87383,0.86848
0.2,10,10,100,96.482,88.075,88.038,1,0.90321,0.90141
0.2,10,10,1000,96.482,88.075,88.038,1,0.67923,0.69323
0.2,10,100,0.1,96.482,88.075,88.038,1,0.77255,0.77532
0.2,10,100,1,96.482,88.075,88.038,1,0.80366,0.80774
0.2,10,100,10,96.482,88.075,88.038,1,0.8562,0.85956
0.2,10,100,100,96.482,88.075,88.038,0.99334,0.83685,0.83111
0.2,10,100,1000,96.482,88.075,88.038,1,0.76046,0.76264
0.2,10,1000,0.1,96.482,88.075,88.038,1,0.74767,0.74627
0.2,10,1000,1,96.482,88.075,88.038,0.99922,0.88109,0.87884
0.2,10,1000,10,96.482,88.075,88.038,0.99481,0.87729,0.87946
0.2,10,1000,100,96.482,88.075,88.038,0.95902,0.88178,0.8872
0.2,10,1000,1000,96.482,88.075,88.038,0.91113,0.86761,0.87191
0.2,100,0.1,0.1,96.482,88.075,88.038,1,0.81956,0.81861
0.2,100,0.1,1,96.482,88.075,88.038,1,0.92395,0.92563
0.2,100,0.1,10,96.482,88.075,88.038,1,0.84687,0.84734
0.2,100,0.1,100,96.482,88.075,88.038,1,0.67992,0.69347
0.2,100,0.1,1000,96.482,88.075,88.038,1,0.67923,0.69321
0.2,100,1,0.1,96.482,88.075,88.038,1,0.86346,0.85967
0.2,100,1,1,96.482,88.075,88.038,1,0.79468,0.79693
0.2,100,1,10,96.482,88.075,88.038,1,0.91428,0.91514
0.2,100,1,100,96.482,88.075,88.038,1,0.68026,0.69394
0.2,100,1,1000,96.482,88.075,88.038,1,0.67923,0.69323
0.2,100,10,0.1,96.482,88.075,88.038,1,0.89457,0.89306
0.2,100,10,1,96.482,88.075,88.038,1,0.85793,0.86124
0.2,100,10,10,96.482,88.075,88.038,1,0.8804,0.88421
0.2,100,10,100,96.482,88.075,88.038,1,0.89526,0.89723
0.2,100,10,1000,96.482,88.075,88.038,1,0.67923,0.69323
0.2,100,100,0.1,96.482,88.075,88.038,1,0.83132,0.83126
0.2,100,100,1,96.482,88.075,88.038,1,0.77981,0.78667
0.2,100,100,10,96.482,88.075,88.038,0.99395,0.86035,0.86499
0.2,100,100,100,96.482,88.075,88.038,0.9541,0.87522,0.87977
0.2,100,100,1000,96.482,88.075,88.038,0.69295,0.67923,0.69323
0.2,100,1000,0.1,96.482,88.075,88.038,0.99646,0.88801,0.88017
0.2,100,1000,1,96.482,88.075,88.038,0.99507,0.84238,0.84316
0.2,100,1000,10,96.482,88.075,88.038,0.96387,0.85724,0.86969
0.2,100,1000,100,96.482,88.075,88.038,0.70029,0.68821,0.69952
0.2,100,1000,1000,96.482,88.075,88.038,0.85944,0.85171,0.85384
0.2,1000,0.1,0.1,96.482,88.075,88.038,1,0.86243,0.85899
0.2,1000,0.1,1,96.482,88.075,88.038,1,0.92153,0.92072
0.2,1000,0.1,10,96.482,88.075,88.038,1,0.76391,0.76585
0.2,1000,0.1,100,96.482,88.075,88.038,1,0.67923,0.69321
0.2,1000,0.1,1000,96.482,88.075,88.038,1,0.67923,0.69325
0.2,1000,1,0.1,96.482,88.075,88.038,1,0.90736,0.90873
0.2,1000,1,1,96.482,88.075,88.038,1,0.89112,0.89213
0.2,1000,1,10,96.482,88.075,88.038,1,0.91428,0.91248
0.2,1000,1,100,96.482,88.075,88.038,1,0.67923,0.69323
0.2,1000,1,1000,96.482,88.075,88.038,1,0.67923,0.6932
0.2,1000,10,0.1,96.482,88.075,88.038,1,0.75147,0.73951
0.2,1000,10,1,96.482,88.075,88.038,1,0.87038,0.87037
0.2,1000,10,10,96.482,88.075,88.038,1,0.85033,0.84677
0.2,1000,10,100,96.482,88.075,88.038,0.78242,0.72589,0.7324
0.2,1000,10,1000,96.482,88.075,88.038,0.69191,0.67923,0.69323
0.2,1000,100,0.1,96.482,88.075,88.038,1,0.81058,0.80693
0.2,1000,100,1,96.482,88.075,88.038,0.99957,0.87902,0.88152
0.2,1000,100,10,96.482,88.075,88.038,0.92609,0.85655,0.86509
0.2,1000,100,100,96.482,88.075,88.038,0.84561,0.83754,0.83773
0.2,1000,100,1000,96.482,88.075,88.038,0.69234,0.67923,0.69323
0.2,1000,1000,0.1,96.482,88.075,88.038,0.99049,0.8842,0.89116
0.2,1000,1000,1,96.482,88.075,88.038,0.84742,0.74248,0.74915
0.2,1000,1000,10,96.482,88.075,88.038,0.78155,0.76668,0.7653
0.2,1000,1000,100,96.482,88.075,88.038,0.72242,0.71621,0.72104
0.2,1000,1000,1000,96.482,88.075,88.038,0.82979,0.82821,0.82732
0.1,0.1,0.1,0.1,95.828,88.728,87.889,1,0.62033,0.60428
0.1,0.1,0.1,1,95.828,88.728,87.889,1,0.88797,0.87666
0.1,0.1,0.1,10,95.828,88.728,87.889,1,0.80567,0.80126
0.1,0.1,0.1,100,95.828,88.728,87.889,1,0.80429,0.79923
0.1,0.1,0.1,1000,95.828,88.728,87.889,1,0.78077,0.77781
0.1,0.1,1,0.1,95.828,88.728,87.889,1,0.85615,0.83651
0.1,0.1,1,1,95.828,88.728,87.889,1,0.82503,0.83274
0.1,0.1,1,10,95.828,88.728,87.889,1,0.89627,0.89059
0.1,0.1,1,100,95.828,88.728,87.889,1,0.76625,0.76467
0.1,0.1,1,1000,95.828,88.728,87.889,1,0.80221,0.79651
0.1,0.1,10,0.1,95.828,88.728,87.889,1,0.82227,0.80329
0.1,0.1,10,1,95.828,88.728,87.889,1,0.63624,0.63268
0.1,0.1,10,10,95.828,88.728,87.889,1,0.87344,0.86493
0.1,0.1,10,100,95.828,88.728,87.889,1,0.90041,0.88577
0.1,0.1,10,1000,95.828,88.728,87.889,1,0.80844,0.80813
0.1,0.1,100,0.1,95.828,88.728,87.889,1,0.85408,0.83233
0.1,0.1,100,1,95.828,88.728,87.889,1,0.85131,0.84238
0.1,0.1,100,10,95.828,88.728,87.889,1,0.88105,0.86498
0.1,0.1,100,100,95.828,88.728,87.889,1,0.83126,0.81562
0.1,0.1,100,1000,95.828,88.728,87.889,1,0.86653,0.85971
0.1,0.1,1000,0.1,95.828,88.728,87.889,0.99983,0.77455,0.76086
0.1,0.1,1000,1,95.828,88.728,87.889,1,0.88589,0.86987
0.1,0.1,1000,10,95.828,88.728,87.889,1,0.88036,0.85684
0.1,0.1,1000,100,95.828,88.728,87.889,0.99758,0.89142,0.87136
0.1,0.1,1000,1000,95.828,88.728,87.889,0.98997,0.86376,0.85442
0.1,1,0.1,0.1,95.828,88.728,87.889,1,0.79737,0.77964
0.1,1,0.1,1,95.828,88.728,87.889,1,0.62033,0.61087
0.1,1,0.1,10,95.828,88.728,87.889,1,0.82365,0.81884
0.1,1,0.1,100,95.828,88.728,87.889,1,0.79115,0.78594
0.1,1,0.1,1000,95.828,88.728,87.889,1,0.74136,0.74019
0.1,1,1,0.1,95.828,88.728,87.889,1,0.8361,0.82392
0.1,1,1,1,95.828,88.728,87.889,1,0.70539,0.6926
0.1,1,1,10,95.828,88.728,87.889,1,0.86722,0.84407
0.1,1,1,100,95.828,88.728,87.889,1,0.79184,0.78584
0.1,1,1,1000,95.828,88.728,87.889,1,0.74274,0.74136
0.1,1,10,0.1,95.828,88.728,87.889,1,0.85131,0.84273
0.1,1,10,1,95.828,88.728,87.889,1,0.82711,0.80759
0.1,1,10,10,95.828,88.728,87.889,1,0.82711,0.81337
0.1,1,10,100,95.828,88.728,87.889,1,0.90526,0.89517
0.1,1,10,1000,95.828,88.728,87.889,1,0.6964,0.69874
0.1,1,100,0.1,95.828,88.728,87.889,1,0.84232,0.81844
0.1,1,100,1,95.828,88.728,87.889,1,0.45989,0.45669
0.1,1,100,10,95.828,88.728,87.889,1,0.84371,0.84152
0.1,1,100,100,95.828,88.728,87.889,1,0.89627,0.88459
0.1,1,100,1000,95.828,88.728,87.889,1,0.87275,0.86493
0.1,1,1000,0.1,95.828,88.728,87.889,0.99948,0.90041,0.88433
0.1,1,1000,1,95.828,88.728,87.889,0.99965,0.8686,0.85934
0.1,1,1000,10,95.828,88.728,87.889,0.99948,0.86515,0.85355
0.1,1,1000,100,95.828,88.728,87.889,0.99049,0.83195,0.81426
0.1,1,1000,1000,95.828,88.728,87.889,0.91788,0.88589,0.86718
0.1,10,0.1,0.1,95.828,88.728,87.889,1,0.72545,0.71865
0.1,10,0.1,1,95.828,88.728,87.889,1,0.91148,0.89456
0.1,10,0.1,10,95.828,88.728,87.889,1,0.82988,0.82575
0.1,10,0.1,100,95.828,88.728,87.889,1,0.74758,0.75021
0.1,10,0.1,1000,95.828,88.728,87.889,1,0.69364,0.69337
0.1,10,1,0.1,95.828,88.728,87.889,1,0.57607,0.56923
0.1,10,1,1,95.828,88.728,87.889,1,0.73237,0.73005
0.1,10,1,10,95.828,88.728,87.889,1,0.92946,0.9169
0.1,10,1,100,95.828,88.728,87.889,1,0.74274,0.74231
0.1,10,1,1000,95.828,88.728,87.889,1,0.69364,0.69339
0.1,10,10,0.1,95.828,88.728,87.889,1,0.88451,0.86045
0.1,10,10,1,95.828,88.728,87.889,1,0.81535,0.79992
0.1,10,10,10,95.828,88.728,87.889,1,0.82158,0.813
0.1,10,10,100,95.828,88.728,87.889,1,0.9101,0.89255
0.1,10,10,1000,95.828,88.728,87.889,1,0.69433,0.69333
0.1,10,100,0.1,95.828,88.728,87.889,1,0.89627,0.87291
0.1,10,100,1,95.828,88.728,87.889,1,0.86307,0.84505
0.1,10,100,10,95.828,88.728,87.889,1,0.89488,0.88227
0.1,10,100,100,95.828,88.728,87.889,0.98928,0.87068,0.8669
0.1,10,100,1000,95.828,88.728,87.889,0.69035,0.69433,0.69333
0.1,10,1000,0.1,95.828,88.728,87.889,0.99793,0.69433,0.68567
0.1,10,1000,1,95.828,88.728,87.889,0.99879,0.76003,0.76608
0.1,10,1000,10,95.828,88.728,87.889,0.9898,0.87414,0.86272
0.1,10,1000,100,95.828,88.728,87.889,0.8973,0.86515,0.85037
0.1,10,1000,1000,95.828,88.728,87.889,0.85235,0.85546,0.8342
0.1,100,0.1,0.1,95.828,88.728,87.889,1,0.85408,0.84066
0.1,100,0.1,1,95.828,88.728,87.889,1,0.93084,0.92755
0.1,100,0.1,10,95.828,88.728,87.889,1,0.83541,0.8328
0.1,100,0.1,100,95.828,88.728,87.889,1,0.69364,0.69339
0.1,100,0.1,1000,95.828,88.728,87.889,1,0.69433,0.69356
0.1,100,1,0.1,95.828,88.728,87.889,1,0.5899,0.58696
0.1,100,1,1,95.828,88.728,87.889,1,0.74965,0.73334
0.1,100,1,10,95.828,88.728,87.889,1,0.91632,0.90355
0.1,100,1,100,95.828,88.728,87.889,1,0.69433,0.69339
0.1,100,1,1000,95.828,88.728,87.889,1,0.69364,0.69343
0.1,100,10,0.1,95.828,88.728,87.889,1,0.81535,0.79334
0.1,100,10,1,95.828,88.728,87.889,1,0.80705,0.7939
0.1,100,10,10,95.828,88.728,87.889,1,0.87759,0.87985
0.1,100,10,100,95.828,88.728,87.889,1,0.87828,0.8697
0.1,100,10,1000,95.828,88.728,87.889,1,0.69433,0.69333
0.1,100,100,0.1,95.828,88.728,87.889,1,0.82918,0.81057
0.1,100,100,1,95.828,88.728,87.889,1,0.87275,0.86712
0.1,100,100,10,95.828,88.728,87.889,0.96075,0.83887,0.83386
0.1,100,100,100,95.828,88.728,87.889,0.85892,0.84163,0.82822
0.1,100,100,1000,95.828,88.728,87.889,0.68223,0.69433,0.69333
0.1,100,1000,0.1,95.828,88.728,87.889,0.99481,0.85961,0.84995
0.1,100,1000,1,95.828,88.728,87.889,0.98911,0.87828,0.86652
0.1,100,1000,10,95.828,88.728,87.889,0.77991,0.75657,0.75568
0.1,100,1000,100,95.828,88.728,87.889,0.73133,0.73167,0.73485
0.1,100,1000,1000,95.828,88.728,87.889,0.78112,0.79876,0.79128
0.1,1000,0.1,0.1,95.828,88.728,87.889,1,0.88105,0.87017
0.1,1000,0.1,1,95.828,88.728,87.889,1,0.93154,0.91828
0.1,1000,0.1,10,95.828,88.728,87.889,1,0.69433,0.69343
0.1,1000,0.1,100,95.828,88.728,87.889,1,0.69433,0.69337
0.1,1000,0.1,1000,95.828,88.728,87.889,1,0.69364,0.69339
0.1,1000,1,0.1,95.828,88.728,87.889,1,0.89834,0.88071
0.1,1000,1,1,95.828,88.728,87.889,1,0.77524,0.7545
0.1,1000,1,10,95.828,88.728,87.889,1,0.90387,0.89464
0.1,1000,1,100,95.828,88.728,87.889,1,0.69433,0.69334
0.1,1000,1,1000,95.828,88.728,87.889,1,0.69433,0.6934
0.1,1000,10,0.1,95.828,88.728,87.889,1,0.82365,0.81227
0.1,1000,10,1,95.828,88.728,87.889,1,0.86445,0.8635
0.1,1000,10,10,95.828,88.728,87.889,0.89765,0.87483,0.86409
0.1,1000,10,100,95.828,88.728,87.889,0.68499,0.69502,0.6935
0.1,1000,10,1000,95.828,88.728,87.889,0.68223,0.69433,0.69333
0.1,1000,100,0.1,95.828,88.728,87.889,1,0.67566,0.67873
0.1,1000,100,1,95.828,88.728,87.889,0.98513,0.89073,0.87392
0.1,1000,100,10,95.828,88.728,87.889,0.76314,0.76418,0.75442
0.1,1000,100,100,95.828,88.728,87.889,0.82763,0.83057,0.82752
0.1,1000,100,1000,95.828,88.728,87.889,0.68257,0.69433,0.69333
0.1,1000,1000,0.1,95.828,88.728,87.889,0.94571,0.85408,0.84888
0.1,1000,1000,1,95.828,88.728,87.889,0.91909,0.86722,0.85814
0.1,1000,1000,10,95.828,88.728,87.889,0.88192,0.87828,0.86503
0.1,1000,1000,100,95.828,88.728,87.889,0.89367,0.90526,0.8941
0.1,1000,1000,1000,95.828,88.728,87.889,0.81622,0.82918,0.8204
0.05,0.1,0.1,0.1,52.579,65,54,0.575,0.7,0.53263
0.05,0.1,0.1,1,52.579,65,54,0.675,0.55,0.50526
0.05,0.1,0.1,10,52.579,65,54,0.7,0.65,0.53421
0.05,0.1,0.1,100,52.579,65,54,0.6,0.45,0.51474
0.05,0.1,0.1,1000,52.579,65,54,1,0.5,0.49684
0.05,0.1,1,0.1,52.579,65,54,0.6125,0.55,0.51947
0.05,0.1,1,1,52.579,65,54,0.6625,0.5,0.49
0.05,0.1,1,10,52.579,65,54,0.6375,0.55,0.52105
0.05,0.1,1,100,52.579,65,54,0.7,0.5,0.54211
0.05,0.1,1,1000,52.579,65,54,0.6625,0.6,0.54263
0.05,0.1,10,0.1,52.579,65,54,0.575,0.45,0.50737
0.05,0.1,10,1,52.579,65,54,0.725,0.55,0.53474
0.05,0.1,10,10,52.579,65,54,0.6625,0.65,0.55474
0.05,0.1,10,100,52.579,65,54,0.7875,0.6,0.49053
0.05,0.1,10,1000,52.579,65,54,0.6375,0.5,0.53211
0.05,0.1,100,0.1,52.579,65,54,0.6125,0.55,0.50368
0.05,0.1,100,1,52.579,65,54,0.6875,0.5,0.49842
0.05,0.1,100,10,52.579,65,54,0.6125,0.6,0.54947
0.05,0.1,100,100,52.579,65,54,0.5875,0.5,0.50632
0.05,0.1,100,1000,52.579,65,54,0.6375,0.45,0.53947
0.05,0.1,1000,0.1,52.579,65,54,0.6125,0.55,0.50632
0.05,0.1,1000,1,52.579,65,54,0.6875,0.65,0.52842
0.05,0.1,1000,10,52.579,65,54,0.7,0.55,0.53263
0.05,0.1,1000,100,52.579,65,54,0.525,0.5,0.47053
0.05,0.1,1000,1000,52.579,65,54,0.6,0.65,0.55947
0.05,1,0.1,0.1,52.579,65,54,0.65,0.55,0.51368
0.05,1,0.1,1,52.579,65,54,0.675,0.6,0.52105
0.05,1,0.1,10,52.579,65,54,0.6875,0.65,0.52737
0.05,1,0.1,100,52.579,65,54,0.6875,0.55,0.54579
0.05,1,0.1,1000,52.579,65,54,0.575,0.5,0.49684
0.05,1,1,0.1,52.579,65,54,0.5875,0.5,0.52158
0.05,1,1,1,52.579,65,54,0.6125,0.5,0.53737
0.05,1,1,10,52.579,65,54,0.6,0.55,0.55105
0.05,1,1,100,52.579,65,54,0.65,0.55,0.51579
0.05,1,1,1000,52.579,65,54,0.6625,0.6,0.53684
0.05,1,10,0.1,52.579,65,54,0.6,0.45,0.54105
0.05,1,10,1,52.579,65,54,0.675,0.55,0.54579
0.05,1,10,10,52.579,65,54,0.625,0.55,0.54
0.05,1,10,100,52.579,65,54,0.65,0.45,0.53
0.05,1,10,1000,52.579,65,54,0.6875,0.55,0.55211
0.05,1,100,0.1,52.579,65,54,0.6,0.55,0.52579
0.05,1,100,1,52.579,65,54,0.6,0.55,0.56211
0.05,1,100,10,52.579,65,54,0.6875,0.4,0.52211
0.05,1,100,100,52.579,65,54,0.6125,0.45,0.52421
0.05,1,100,1000,52.579,65,54,0.6375,0.6,0.51
0.05,1,1000,0.1,52.579,65,54,0.6875,0.4,0.51158
0.05,1,1000,1,52.579,65,54,0.625,0.4,0.53263
0.05,1,1000,10,52.579,65,54,0.575,0.55,0.47789
0.05,1,1000,100,52.579,65,54,0.6,0.55,0.52
0.05,1,1000,1000,52.579,65,54,0.65,0.45,0.52684
0.05,10,0.1,0.1,52.579,65,54,0.6,0.4,0.53684
0.05,10,0.1,1,52.579,65,54,0.6875,0.65,0.53737
0.05,10,0.1,10,52.579,65,54,0.675,0.55,0.52789
0.05,10,0.1,100,52.579,65,54,0.625,0.45,0.50895
0.05,10,0.1,1000,52.579,65,54,0.575,0.5,0.49684
0.05,10,1,0.1,52.579,65,54,0.65,0.65,0.53421
0.05,10,1,1,52.579,65,54,0.6375,0.6,0.54474
0.05,10,1,10,52.579,65,54,0.6625,0.55,0.53
0.05,10,1,100,52.579,65,54,0.7125,0.5,0.53947
0.05,10,1,1000,52.579,65,54,0.6375,0.55,0.55789
0.05,10,10,0.1,52.579,65,54,0.6375,0.5,0.54158
0.05,10,10,1,52.579,65,54,0.6875,0.4,0.56421
0.05,10,10,10,52.579,65,54,0.6875,0.65,0.52053
0.05,10,10,100,52.579,65,54,0.5625,0.55,0.53316
0.05,10,10,1000,52.579,65,54,0.6125,0.6,0.54579
0.05,10,100,0.1,52.579,65,54,0.5625,0.55,0.51632
0.05,10,100,1,52.579,65,54,0.625,0.55,0.50368
0.05,10,100,10,52.579,65,54,0.5375,0.4,0.46211
0.05,10,100,100,52.579,65,54,0.65,0.55,0.54158
0.05,10,100,1000,52.579,65,54,0.6125,0.55,0.52316
0.05,10,1000,0.1,52.579,65,54,0.625,0.6,0.51895
0.05,10,1000,1,52.579,65,54,0.6125,0.6,0.52789
0.05,10,1000,10,52.579,65,54,0.6875,0.45,0.54
0.05,10,1000,100,52.579,65,54,0.725,0.45,0.54895
0.05,10,1000,1000,52.579,65,54,0.7,0.6,0.57526
0.05,100,0.1,0.1,52.579,65,54,0.5875,0.45,0.49316
0.05,100,0.1,1,52.579,65,54,0.6375,0.4,0.53789
0.05,100,0.1,10,52.579,65,54,0.65,0.45,0.49947
0.05,100,0.1,100,52.579,65,54,0.6125,0.45,0.49842
0.05,100,0.1,1000,52.579,65,54,0.575,0.5,0.49684
0.05,100,1,0.1,52.579,65,54,0.625,0.45,0.52579
0.05,100,1,1,52.579,65,54,0.625,0.45,0.54105
0.05,100,1,10,52.579,65,54,0.55,0.5,0.49684
0.05,100,1,100,52.579,65,54,0.5875,0.55,0.47579
0.05,100,1,1000,52.579,65,54,0.625,0.45,0.49895
0.05,100,10,0.1,52.579,65,54,0.6375,0.55,0.55842
0.05,100,10,1,52.579,65,54,0.5625,0.55,0.49211
0.05,100,10,10,52.579,65,54,0.6375,0.55,0.54421
0.05,100,10,100,52.579,65,54,0.625,0.45,0.51579
0.05,100,10,1000,52.579,65,54,0.6625,0.4,0.50737
0.05,100,100,0.1,52.579,65,54,0.625,0.5,0.50895
0.05,100,100,1,52.579,65,54,0.6,0.45,0.51789
0.05,100,100,10,52.579,65,54,0.6625,0.6,0.49526
0.05,100,100,100,52.579,65,54,0.725,0.75,0.50947
0.05,100,100,1000,52.579,65,54,0.6875,0.65,0.52368
0.05,100,1000,0.1,52.579,65,54,0.575,0.5,0.49632
0.05,100,1000,1,52.579,65,54,0.575,0.5,0.49105
0.05,100,1000,10,52.579,65,54,0.575,0.45,0.51579
0.05,100,1000,100,52.579,65,54,0.65,0.4,0.52526
0.05,100,1000,1000,52.579,65,54,0.6375,0.6,0.49158
0.05,1000,0.1,0.1,52.579,65,54,0.6875,0.55,0.54105
0.05,1000,0.1,1,52.579,65,54,0.675,0.5,0.53579
0.05,1000,0.1,10,52.579,65,54,0.625,0.45,0.50263
0.05,1000,0.1,100,52.579,65,54,0.575,0.45,0.47158
0.05,1000,0.1,1000,52.579,65,54,0.575,0.5,0.49684
0.05,1000,1,0.1,52.579,65,54,0.5875,0.5,0.50316
0.05,1000,1,1,52.579,65,54,0.625,0.5,0.51789
0.05,1000,1,10,52.579,65,54,0.5875,0.5,0.51053
0.05,1000,1,100,52.579,65,54,0.5625,0.5,0.48526
0.05,1000,1,1000,52.579,65,54,0.5625,0.45,0.48895
0.05,1000,10,0.1,52.579,65,54,0.55,0.45,0.50211
0.05,1000,10,1,52.579,65,54,0.6375,0.4,0.49579
0.05,1000,10,10,52.579,65,54,0.55,0.35,0.50316
0.05,1000,10,100,52.579,65,54,0.5875,0.5,0.48895
0.05,1000,10,1000,52.579,65,54,0.575,0.45,0.48158
0.05,1000,100,0.1,52.579,65,54,0.575,0.6,0.51579
0.05,1000,100,1,52.579,65,54,0.575,0.55,0.49789
0.05,1000,100,10,52.579,65,54,0.575,0.5,0.49316
0.05,1000,100,100,52.579,65,54,0.6125,0.5,0.50947
0.05,1000,100,1000,52.579,65,54,0.6,0.4,0.48684
0.05,1000,1000,0.1,52.579,65,54,0.65,0.5,0.55368
0.05,1000,1000,1,52.579,65,54,0.6125,0.4,0.50421
0.05,1000,1000,10,52.579,65,54,0.65,0.45,0.53632
0.05,1000,1000,100,52.579,65,54,0.5875,0.6,0.48632
0.05,1000,1000,1000,52.579,65,54,0.575,0.5,0.49684
0.01,0.1,0.1,0.1,53.182,75,54.343,0.8125,0.5,0.52071
0.01,0.1,0.1,1,53.182,75,54.343,0.8125,0.75,0.54697
0.01,0.1,0.1,10,53.182,75,54.343,1,0.5,0.5197
0.01,0.1,0.1,100,53.182,75,54.343,1,0.5,0.50455
0.01,0.1,0.1,1000,53.182,75,54.343,0.5625,0.5,0.49949
0.01,0.1,1,0.1,53.182,75,54.343,0.9375,0.5,0.54798
0.01,0.1,1,1,53.182,75,54.343,1,0.75,0.54697
0.01,0.1,1,10,53.182,75,54.343,1,0.5,0.56515
0.01,0.1,1,100,53.182,75,54.343,1,0.25,0.49646
0.01,0.1,1,1000,53.182,75,54.343,0.9375,0.5,0.53081
0.01,0.1,10,0.1,53.182,75,54.343,0.875,0.75,0.54545
0.01,0.1,10,1,53.182,75,54.343,1,0.25,0.5298
0.01,0.1,10,10,53.182,75,54.343,1,0.5,0.50808
0.01,0.1,10,100,53.182,75,54.343,0.9375,0.5,0.54848
0.01,0.1,10,1000,53.182,75,54.343,1,0.75,0.57071
0.01,0.1,100,0.1,53.182,75,54.343,0.9375,0.25,0.50404
0.01,0.1,100,1,53.182,75,54.343,0.875,0.75,0.53586
0.01,0.1,100,10,53.182,75,54.343,0.9375,0.5,0.54293
0.01,0.1,100,100,53.182,75,54.343,0.75,0.5,0.50909
0.01,0.1,100,1000,53.182,75,54.343,0.9375,0.5,0.51515
0.01,0.1,1000,0.1,53.182,75,54.343,0.8125,0.5,0.51616
0.01,0.1,1000,1,53.182,75,54.343,0.75,0.5,0.50152
0.01,0.1,1000,10,53.182,75,54.343,0.875,0.75,0.5
0.01,0.1,1000,100,53.182,75,54.343,0.9375,0.25,0.52071
0.01,0.1,1000,1000,53.182,75,54.343,0.875,0.5,0.51717
0.01,1,0.1,0.1,53.182,75,54.343,0.9375,0.5,0.55505
0.01,1,0.1,1,53.182,75,54.343,1,0.75,0.5596
0.01,1,0.1,10,53.182,75,54.343,0.9375,0.5,0.54545
0.01,1,0.1,100,53.182,75,54.343,1,0.5,0.54444
0.01,1,0.1,1000,53.182,75,54.343,0.5625,0.5,0.49949
0.01,1,1,0.1,53.182,75,54.343,0.9375,0.5,0.53434
0.01,1,1,1,53.182,75,54.343,0.9375,0.75,0.53636
0.01,1,1,10,53.182,75,54.343,1,0.5,0.56061
0.01,1,1,100,53.182,75,54.343,0.875,0.75,0.55758
0.01,1,1,1000,53.182,75,54.343,1,0.5,0.55
0.01,1,10,0.1,53.182,75,54.343,0.6875,0.5,0.51717
0.01,1,10,1,53.182,75,54.343,0.75,0.25,0.52727
0.01,1,10,10,53.182,75,54.343,1,0.5,0.54596
0.01,1,10,100,53.182,75,54.343,0.6875,0.5,0.55455
0.01,1,10,1000,53.182,75,54.343,0.8125,0.5,0.50253
0.01,1,100,0.1,53.182,75,54.343,1,0.5,0.56263
0.01,1,100,1,53.182,75,54.343,0.625,0.5,0.52879
0.01,1,100,10,53.182,75,54.343,0.625,0.5,0.52677
0.01,1,100,100,53.182,75,54.343,0.6875,0.75,0.52424
0.01,1,100,1000,53.182,75,54.343,1,0.75,0.54495
0.01,1,1000,0.1,53.182,75,54.343,0.75,0.5,0.5202
0.01,1,1000,1,53.182,75,54.343,0.625,0.5,0.44444
0.01,1,1000,10,53.182,75,54.343,0.8125,0.5,0.5697
0.01,1,1000,100,53.182,75,54.343,0.9375,0.75,0.54444
0.01,1,1000,1000,53.182,75,54.343,0.875,0.5,0.5596
0.01,10,0.1,0.1,53.182,75,54.343,0.75,0.5,0.50808
0.01,10,0.1,1,53.182,75,54.343,0.875,0.5,0.52778
0.01,10,0.1,10,53.182,75,54.343,0.75,0.5,0.5096
0.01,10,0.1,100,53.182,75,54.343,0.6875,0.5,0.52727
0.01,10,0.1,1000,53.182,75,54.343,0.5625,0.5,0.49949
0.01,10,1,0.1,53.182,75,54.343,0.6875,0.5,0.53838
0.01,10,1,1,53.182,75,54.343,0.8125,0.75,0.54242
0.01,10,1,10,53.182,75,54.343,0.6875,0.5,0.54646
0.01,10,1,100,53.182,75,54.343,0.8125,0.5,0.53586
0.01,10,1,1000,53.182,75,54.343,0.875,0.75,0.53788
0.01,10,10,0.1,53.182,75,54.343,0.8125,0.5,0.5202
0.01,10,10,1,53.182,75,54.343,0.6875,0.75,0.54192
0.01,10,10,10,53.182,75,54.343,0.875,0.75,0.55657
0.01,10,10,100,53.182,75,54.343,0.8125,1,0.52778
0.01,10,10,1000,53.182,75,54.343,0.8125,0.5,0.5303
0.01,10,100,0.1,53.182,75,54.343,0.75,0.75,0.52929
0.01,10,100,1,53.182,75,54.343,0.6875,0.75,0.5202
0.01,10,100,10,53.182,75,54.343,0.875,0.25,0.54141
0.01,10,100,100,53.182,75,54.343,0.875,0.5,0.48535
0.01,10,100,1000,53.182,75,54.343,0.875,0.5,0.50606
0.01,10,1000,0.1,53.182,75,54.343,0.9375,0.5,0.54242
0.01,10,1000,1,53.182,75,54.343,0.75,0.5,0.52929
0.01,10,1000,10,53.182,75,54.343,0.8125,0.75,0.58283
0.01,10,1000,100,53.182,75,54.343,1,0.75,0.51616
0.01,10,1000,1000,53.182,75,54.343,0.75,0.75,0.51465
0.01,100,0.1,0.1,53.182,75,54.343,0.6875,0.75,0.54293
0.01,100,0.1,1,53.182,75,54.343,0.8125,0.75,0.50758
0.01,100,0.1,10,53.182,75,54.343,0.8125,0.75,0.55505
0.01,100,0.1,100,53.182,75,54.343,0.8125,0.75,0.54747
0.01,100,0.1,1000,53.182,75,54.343,0.5625,0.5,0.49949
0.01,100,1,0.1,53.182,75,54.343,0.6875,0.5,0.46465
0.01,100,1,1,53.182,75,54.343,0.75,0.75,0.55
0.01,100,1,10,53.182,75,54.343,0.9375,0.5,0.50455
0.01,100,1,100,53.182,75,54.343,0.8125,0.5,0.52121
0.01,100,1,1000,53.182,75,54.343,0.6875,0.75,0.54596
0.01,100,10,0.1,53.182,75,54.343,0.5625,0.5,0.5
0.01,100,10,1,53.182,75,54.343,1,0.75,0.51616
0.01,100,10,10,53.182,75,54.343,0.75,0.5,0.53485
0.01,100,10,100,53.182,75,54.343,0.625,0.5,0.50606
0.01,100,10,1000,53.182,75,54.343,0.8125,0.75,0.51919
0.01,100,100,0.1,53.182,75,54.343,0.5625,0.5,0.52626
0.01,100,100,1,53.182,75,54.343,0.75,0.5,0.59899
0.01,100,100,10,53.182,75,54.343,0.5625,0.5,0.49899
0.01,100,100,100,53.182,75,54.343,0.75,0.5,0.53131
0.01,100,100,1000,53.182,75,54.343,0.6875,0.75,0.55505
0.01,100,1000,0.1,53.182,75,54.343,0.625,0.25,0.54899
0.01,100,1000,1,53.182,75,54.343,0.6875,0.75,0.51465
0.01,100,1000,10,53.182,75,54.343,0.75,0.75,0.58838
0.01,100,1000,100,53.182,75,54.343,0.75,0.5,0.53081
0.01,100,1000,1000,53.182,75,54.343,0.6875,0.75,0.50808
0.01,1000,0.1,0.1,53.182,75,54.343,0.6875,0.75,0.55152
0.01,1000,0.1,1,53.182,75,54.343,0.5625,0.5,0.49949
0.01,1000,0.1,10,53.182,75,54.343,0.5625,0.5,0.49949
0.01,1000,0.1,100,53.182,75,54.343,0.5625,0.5,0.49949
0.01,1000,0.1,1000,53.182,75,54.343,0.5625,0.5,0.49949
0.01,1000,1,0.1,53.182,75,54.343,0.6875,0.5,0.53889
0.01,1000,1,1,53.182,75,54.343,0.5625,0.5,0.49949
0.01,1000,1,10,53.182,75,54.343,0.8125,0.75,0.54899
0.01,1000,1,100,53.182,75,54.343,0.5625,0.5,0.49949
0.01,1000,1,1000,53.182,75,54.343,0.5625,0.5,0.49949
0.01,1000,10,0.1,53.182,75,54.343,0.5,0.75,0.52172
0.01,1000,10,1,53.182,75,54.343,0.75,0.5,0.52475
0.01,1000,10,10,53.182,75,54.343,0.625,0.75,0.56414
0.01,1000,10,100,53.182,75,54.343,0.75,0.75,0.50808
0.01,1000,10,1000,53.182,75,54.343,0.5625,0.5,0.49949
0.01,1000,100,0.1,53.182,75,54.343,0.5,0.75,0.49444
0.01,1000,100,1,53.182,75,54.343,0.75,0.5,0.48333
0.01,1000,100,10,53.182,75,54.343,0.625,0.5,0.4899
0.01,1000,100,100,53.182,75,54.343,0.625,0.75,0.49495
0.01,1000,100,1000,53.182,75,54.343,0.8125,0.5,0.52576
0.01,1000,1000,0.1,53.182,75,54.343,0.625,0.5,0.53737
0.01,1000,1000,1,53.182,75,54.343,0.875,0.75,0.57071
0.01,1000,1000,10,53.182,75,54.343,0.5625,0.25,0.54091
0.01,1000,1000,100,53.182,75,54.343,0.625,0.5,0.50909
0.01,1000,1000,1000,53.182,75,54.343,0.75,0.75,0.56515
